./phantom: line 88: ARGS[@]: unbound variable
./phantom: line 95: ARGS[@]: unbound variable
./phantom: line 230: ARGS[@]: unbound variable
============================================================
⚡ Phantom — DEVELOPMENT (HTTPS + hot-reload)
============================================================
[+] Verifying local database service...
    Assumes PostgreSQL (5432) is running locally.
[+] Initializing FastAPI Backend...
[*] Activating Python virtual environment (.venv)...
[*] Checking Python dependencies...
[*] Launching Uvicorn FastAPI server on port 29214...
[+] Initializing Next.js Frontend...
[*] Launching Next.js HTTPS on port 3000...
    Allowed dev origins: localhost,127.0.0.1,MacBook-Pro-de-Osvaldo.local,macbook-pro-de-osvaldo.local,100.107.190.11,100.107.190.11,macbookpro-7944,100.107.190.11,macbookpro-7944
[!] Puerto 3000 en uso (frontend).
COMMAND   PID      USER   FD   TYPE             DEVICE SIZE/OFF NODE NAME
ssh     21442 osvaldohm   14u  IPv4 0x353320c3782ddfa7      0t0  TCP *:3000 (LISTEN)
[*] Proceso(s) escuchando:
      21442     1 ssh: /Users/osvaldohm/.colima/_lima/colima/ssh.sock [mux]                                   
INFO:     Will watch for changes in these directories: ['/Users/osvaldohm/Desktop/apps/spectre/backend']
INFO:     Uvicorn running on http://0.0.0.0:29214 (Press CTRL+C to quit)
INFO:     Started reloader process [34317] using WatchFiles
    (Otro programa usa este puerto — revísalo antes de continuar.)


[-] Shutting down background processes...
[*] Terminating FastAPI backend (PID: 34318)...
[*] Liberando puerto 3000 (PID: 21442)...
[+] All services terminated successfully. Goodbye!
============================================================
⚡ Phantom — DEVELOPMENT (HTTPS + hot-reload)
============================================================
[+] Verifying local database service...
    Assumes PostgreSQL (5432) is running locally.
[+] Initializing FastAPI Backend...
[*] Activating Python virtual environment (.venv)...
[*] Checking Python dependencies...
[*] Launching Uvicorn FastAPI server on port 29214...
[!] Puerto 29214 en uso (backend).
COMMAND   PID      USER   FD   TYPE             DEVICE SIZE/OFF NODE NAME
Python  34340 osvaldohm    5u  IPv4 0xd0c584b4b639749b      0t0  TCP *:29214 (LISTEN)
[*] Proceso(s) escuchando:
      34340     1 /Applications/Xcode.app/Contents/Developer/Library/Frameworks/Python3.framework/Versions/3.9/Resources/Python.app/Contents/MacOS/Python -c from multiprocessing.spawn import spawn_main; spawn_main(tracker_fd=7, pipe_handle=9) --multiprocessing-fork
    (Otro programa usa este puerto — revísalo antes de continuar.)


[-] Shutting down background processes...
[*] Liberando puerto 29214 (PID: 34340)...
[+] All services terminated successfully. Goodbye!
============================================================
⚡ Phantom — DEVELOPMENT (HTTPS + hot-reload)
============================================================
[+] Verifying local database service...
    Assumes PostgreSQL (5432) is running locally.
[+] Initializing FastAPI Backend...
[*] Activating Python virtual environment (.venv)...
[*] Checking Python dependencies...
[*] Launching Uvicorn FastAPI server on port 29214...
[+] Initializing Next.js Frontend...
[*] Launching Next.js HTTPS on port 29204...
    Allowed dev origins: localhost,127.0.0.1,MacBook-Pro-de-Osvaldo.local,macbook-pro-de-osvaldo.local,100.107.190.11,100.107.190.11,macbookpro-7944,100.107.190.11,macbookpro-7944

============================================================
🚀 Phantom Cyber Security Platform is launching!
   - Frontend: https://localhost:29204
   - Backend API: http://127.0.0.1:29214 (proxied via /api/secops)
============================================================
[*] Press Ctrl+C to stop all services.
[*] Cambiar contraseña admin: ./phantom change
[*] Si un puerto sigue ocupado: PHANTOM_FORCE_PORTS=1 ./phantom dev

INFO:     Will watch for changes in these directories: ['/Users/osvaldohm/Desktop/apps/spectre/backend']
INFO:     Uvicorn running on http://0.0.0.0:29214 (Press CTRL+C to quit)
INFO:     Started reloader process [34781] using WatchFiles
/Users/osvaldohm/Desktop/apps/spectre/backend/.venv/lib/python3.9/site-packages/urllib3/__init__.py:35: NotOpenSSLWarning: urllib3 v2 only supports OpenSSL 1.1.1+, currently the 'ssl' module is compiled with 'LibreSSL 2.8.3'. See: https://github.com/urllib3/urllib3/issues/3020
  warnings.warn(
[+] Next.js development HTTPS on all interfaces (dual-stack):29204
    https://localhost:29204
    https://192.168.0.175:29204
    https://100.107.190.11:29204
    https://10.211.55.2:29204
    https://10.37.129.2:29204
INFO:     Started server process [34804]
INFO:     Waiting for application startup.
ingest worker not started: Redis unavailable at redis://localhost:6379/0 (start redis or set INGEST_WORKER_ENABLED=false)
INFO:     Application startup complete.
 GET /api/vulns-catalog/meta 200 in 269ms (next.js: 109ms, application-code: 159ms)
 GET /api/vulns-catalog?page=1&pageSize=2 200 in 471ms (next.js: 17ms, application-code: 454ms)
============================================================
⚡ Phantom — DEVELOPMENT (HTTPS + hot-reload)
============================================================
[+] Verifying local database service...
    Assumes PostgreSQL (5432) is running locally.
[+] Initializing FastAPI Backend...
[*] Activating Python virtual environment (.venv)...
[*] Checking Python dependencies...
[*] Launching Uvicorn FastAPI server on port 29214...
[!] Puerto 29214 en uso (backend).
COMMAND   PID      USER   FD   TYPE             DEVICE SIZE/OFF NODE NAME
Python  34781 osvaldohm    5u  IPv4 0x35fff0ecad9bc0f6      0t0  TCP *:29214 (LISTEN)
Python  34804 osvaldohm    5u  IPv4 0x35fff0ecad9bc0f6      0t0  TCP *:29214 (LISTEN)
[*] Proceso(s) escuchando:
      34781     1 /Applications/Xcode.app/Contents/Developer/Library/Frameworks/Python3.framework/Versions/3.9/Resources/Python.app/Contents/MacOS/Python /Users/osvaldohm/Desktop/apps/spectre/backend/.venv/bin/uvicorn app.main:app --host 0.0.0.0 --port 29214 --reload
      34804 34781 /Applications/Xcode.app/Contents/Developer/Library/Frameworks/Python3.framework/Versions/3.9/Resources/Python.app/Contents/MacOS/Python -c from multiprocessing.spawn import spawn_main; spawn_main(tracker_fd=7, pipe_handle=9) --multiprocessing-fork
    (Parece un servidor Phantom / uvicorn / Next.js anterior.)


[-] Shutting down background processes...
[*] Liberando puerto 29214 (PID: 34781 34804)...
INFO:     Shutting down
INFO:     Waiting for application shutdown.
INFO:     Application shutdown complete.
INFO:     Finished server process [34804]
INFO:     Stopping reloader process [34781]
[*] Liberando puerto 29204 (PID: 34792)...
[+] All services terminated successfully. Goodbye!
============================================================
⚡ Phantom — DEVELOPMENT (HTTPS + hot-reload)
============================================================
[+] Verifying local database service...
    Assumes PostgreSQL (5432) is running locally.
[+] Initializing FastAPI Backend...
[*] Activating Python virtual environment (.venv)...
[*] Checking Python dependencies...
[*] Launching Uvicorn FastAPI server on port 29214...
[+] Initializing Next.js Frontend...
[*] Launching Next.js HTTPS on port 29204...
    Allowed dev origins: localhost,127.0.0.1,MacBook-Pro-de-Osvaldo.local,macbook-pro-de-osvaldo.local,100.107.190.11,100.107.190.11,macbookpro-7944,100.107.190.11,macbookpro-7944

============================================================
🚀 Phantom Cyber Security Platform is launching!
   - Frontend: https://localhost:29204
   - Backend API: http://127.0.0.1:29214 (proxied via /api/secops)
============================================================
[*] Press Ctrl+C to stop all services.
[*] Cambiar contraseña admin: ./phantom change
[*] Si un puerto sigue ocupado: PHANTOM_FORCE_PORTS=1 ./phantom dev

INFO:     Will watch for changes in these directories: ['/Users/osvaldohm/Desktop/apps/spectre/backend']
INFO:     Uvicorn running on http://0.0.0.0:29214 (Press CTRL+C to quit)
INFO:     Started reloader process [35906] using WatchFiles
/Users/osvaldohm/Desktop/apps/spectre/backend/.venv/lib/python3.9/site-packages/urllib3/__init__.py:35: NotOpenSSLWarning: urllib3 v2 only supports OpenSSL 1.1.1+, currently the 'ssl' module is compiled with 'LibreSSL 2.8.3'. See: https://github.com/urllib3/urllib3/issues/3020
  warnings.warn(
[+] Next.js development HTTPS on all interfaces (dual-stack):29204
    https://localhost:29204
    https://192.168.0.175:29204
    https://100.107.190.11:29204
    https://10.211.55.2:29204
    https://10.37.129.2:29204
INFO:     Started server process [35930]
INFO:     Waiting for application startup.
ingest worker not started: Redis unavailable at redis://localhost:6379/0 (start redis or set INGEST_WORKER_ENABLED=false)
INFO:     Application startup complete.
============================================================
⚡ Phantom — DEVELOPMENT (HTTPS + hot-reload)
============================================================
[+] Verifying local database service...
    Assumes PostgreSQL (5432) is running locally.
[+] Initializing FastAPI Backend...
[*] Activating Python virtual environment (.venv)...
[*] Checking Python dependencies...
[*] Launching Uvicorn FastAPI server on port 29214...
[!] Puerto 29214 en uso (backend).
COMMAND   PID      USER   FD   TYPE             DEVICE SIZE/OFF NODE NAME
Python  35906 osvaldohm    4u  IPv4 0x984efd47873fdb2a      0t0  TCP *:29214 (LISTEN)
Python  35930 osvaldohm    4u  IPv4 0x984efd47873fdb2a      0t0  TCP *:29214 (LISTEN)
[*] Proceso(s) escuchando:
      35906     1 /Applications/Xcode.app/Contents/Developer/Library/Frameworks/Python3.framework/Versions/3.9/Resources/Python.app/Contents/MacOS/Python /Users/osvaldohm/Desktop/apps/spectre/backend/.venv/bin/uvicorn app.main:app --host 0.0.0.0 --port 29214 --reload
      35930 35906 /Applications/Xcode.app/Contents/Developer/Library/Frameworks/Python3.framework/Versions/3.9/Resources/Python.app/Contents/MacOS/Python -c from multiprocessing.spawn import spawn_main; spawn_main(tracker_fd=6, pipe_handle=8) --multiprocessing-fork
    (Parece un servidor Phantom / uvicorn / Next.js anterior.)


[-] Shutting down background processes...
INFO:     Shutting down
INFO:     Waiting for application shutdown.
INFO:     Application shutdown complete.
INFO:     Finished server process [35930]
INFO:     Stopping reloader process [35906]
[+] Backend (FastAPI, 4 workers, HTTP localhost)...
WARNING: You are using pip version 21.2.4; however, version 26.0.1 is available.
You should consider upgrading via the '/Users/osvaldohm/Desktop/apps/spectre/backend/.venv/bin/python3 -m pip install --upgrade pip' command.
[+] Database bootstrap (single process)...
Auth: tenants y usuarios semilla listos.
Database bootstrap complete.
[+] Frontend — building Next.js (production)...

> spectre@0.1.0 build
> next build

INFO:     Uvicorn running on http://127.0.0.1:29914 (Press CTRL+C to quit)
INFO:     Started parent process [38850]
▲ Next.js 16.2.4 (Turbopack)
- Environments: .env.local, .env
- Experiments (use with caution):
  · proxyClientMaxBodySize: "160mb"
  · proxyTimeout: 600000

  Creating an optimized production build ...
/Users/osvaldohm/Desktop/apps/spectre/backend/.venv/lib/python3.9/site-packages/urllib3/__init__.py:35: NotOpenSSLWarning: urllib3 v2 only supports OpenSSL 1.1.1+, currently the 'ssl' module is compiled with 'LibreSSL 2.8.3'. See: https://github.com/urllib3/urllib3/issues/3020
  warnings.warn(
/Users/osvaldohm/Desktop/apps/spectre/backend/.venv/lib/python3.9/site-packages/urllib3/__init__.py:35: NotOpenSSLWarning: urllib3 v2 only supports OpenSSL 1.1.1+, currently the 'ssl' module is compiled with 'LibreSSL 2.8.3'. See: https://github.com/urllib3/urllib3/issues/3020
  warnings.warn(
/Users/osvaldohm/Desktop/apps/spectre/backend/.venv/lib/python3.9/site-packages/urllib3/__init__.py:35: NotOpenSSLWarning: urllib3 v2 only supports OpenSSL 1.1.1+, currently the 'ssl' module is compiled with 'LibreSSL 2.8.3'. See: https://github.com/urllib3/urllib3/issues/3020
  warnings.warn(
/Users/osvaldohm/Desktop/apps/spectre/backend/.venv/lib/python3.9/site-packages/urllib3/__init__.py:35: NotOpenSSLWarning: urllib3 v2 only supports OpenSSL 1.1.1+, currently the 'ssl' module is compiled with 'LibreSSL 2.8.3'. See: https://github.com/urllib3/urllib3/issues/3020
  warnings.warn(
INFO:     Started server process [38876]
INFO:     Waiting for application startup.
INFO:     Started server process [38875]
INFO:     Waiting for application startup.
INFO:     Started server process [38877]
INFO:     Waiting for application startup.
INFO:     Started server process [38878]
INFO:     Waiting for application startup.
ingest worker not started: Redis unavailable at redis://localhost:6379/0 (start redis or set INGEST_WORKER_ENABLED=false)
ingest worker not started: Redis unavailable at redis://localhost:6379/0 (start redis or set INGEST_WORKER_ENABLED=false)
INFO:     Application startup complete.
INFO:     Application startup complete.
ingest worker not started: Redis unavailable at redis://localhost:6379/0 (start redis or set INGEST_WORKER_ENABLED=false)
ingest worker not started: Redis unavailable at redis://localhost:6379/0 (start redis or set INGEST_WORKER_ENABLED=false)
INFO:     Application startup complete.
INFO:     Application startup complete.
✓ Compiled successfully in 7.4s
  Running TypeScript ...
  Finished TypeScript in 10.1s ...
  Collecting page data using 7 workers ...
[+] Backend (FastAPI, 4 workers, HTTP localhost)...
  Generating static pages using 7 workers (0/50) ...
  Generating static pages using 7 workers (12/50) 
  Generating static pages using 7 workers (24/50) 
  Generating static pages using 7 workers (37/50) 
✓ Generating static pages using 7 workers (50/50) in 566ms
  Finalizing page optimization ...

Route (app)
┌ ○ /
├ ○ /_not-found
├ ○ /admin
├ ○ /agents
├ ƒ /api/ai/analyze-raw-output
├ ƒ /api/ai/explain
├ ƒ /api/ai/generate-target-map
├ ƒ /api/ai/parse-walkthrough
├ ƒ /api/ai/split-findings
├ ƒ /api/ai/suggest
├ ƒ /api/ai/suggest-catalog-locale
├ ƒ /api/ai/suggest-catalog-spanish
├ ƒ /api/ai/suggest-finding
├ ƒ /api/ai/suggest-finding-field
├ ƒ /api/automation/mcp
├ ƒ /api/automation/ssh-run
├ ƒ /api/integration/amatista-config
├ ƒ /api/integration/amatista-webhook
├ ƒ /api/integration/cyber-notes
├ ƒ /api/pruebas-seguridad/suites
├ ƒ /api/secops-health
├ ƒ /api/secops/[...path]
├ ƒ /api/secops/audit-logs
├ ƒ /api/secops/ingest/[...path]
├ ƒ /api/vulnerabilities
├ ƒ /api/vulnerabilities/[id]
├ ƒ /api/vulns-catalog
├ ƒ /api/vulns-catalog/[id]
├ ƒ /api/vulns-catalog/bulk-replace
├ ƒ /api/vulns-catalog/export
├ ƒ /api/vulns-catalog/field-config
├ ƒ /api/vulns-catalog/from-finding
├ ƒ /api/vulns-catalog/import
├ ƒ /api/vulns-catalog/meta
├ ƒ /api/vulns-catalog/repair-encoding
├ ƒ /api/vulns-catalog/truncate-explicacion
├ ○ /assets
├ ○ /canvas
├ ○ /compliance
├ ○ /evaluaciones
├ ○ /evaluaciones-catalogo
├ ○ /ingesta-excel
├ ○ /login
├ ○ /login-client
├ ○ /portal
├ ○ /profile
├ ○ /pruebas-seguridad
├ ○ /pruebas-seguridad-catalogo
├ ○ /reports
├ ○ /sec-services
├ ○ /tools
├ ○ /tools/cyber-notes
├ ○ /tools/exposure
├ ○ /tools/methodologies-phantom
├ ○ /tools/nmap
├ ○ /tools/phantom
├ ○ /vul-catalog
├ ○ /vul-mgmt/admin
├ ○ /vul-mgmt/dashboard
├ ○ /vul-mgmt/hallazgos
├ ○ /vul-mgmt/ingesta
├ ○ /vul-mgmt/mapa
└ ○ /vulns-catalog


ƒ Proxy (Middleware)

○  (Static)   prerendered as static content
ƒ  (Dynamic)  server-rendered on demand

WARNING: You are using pip version 21.2.4; however, version 26.0.1 is available.
You should consider upgrading via the '/Users/osvaldohm/Desktop/apps/spectre/backend/.venv/bin/python3 -m pip install --upgrade pip' command.
[+] Database bootstrap (single process)...
Auth: tenants y usuarios semilla listos.
Database bootstrap complete.
[+] Frontend — building Next.js (production)...

> spectre@0.1.0 build
> next build

ERROR:    [Errno 48] Address already in use
▲ Next.js 16.2.4 (Turbopack)
- Environments: .env.local, .env
- Experiments (use with caution):
  · proxyClientMaxBodySize: "160mb"
  · proxyTimeout: 600000

  Creating an optimized production build ...
✓ Compiled successfully in 8.7s
  Running TypeScript ...
  Finished TypeScript in 11.9s ...
  Collecting page data using 7 workers ...
  Generating static pages using 7 workers (0/50) ...
  Generating static pages using 7 workers (12/50) 
  Generating static pages using 7 workers (24/50) 
  Generating static pages using 7 workers (37/50) 
✓ Generating static pages using 7 workers (50/50) in 554ms
  Finalizing page optimization ...

Route (app)
┌ ○ /
├ ○ /_not-found
├ ○ /admin
├ ○ /agents
├ ƒ /api/ai/analyze-raw-output
├ ƒ /api/ai/explain
├ ƒ /api/ai/generate-target-map
├ ƒ /api/ai/parse-walkthrough
├ ƒ /api/ai/split-findings
├ ƒ /api/ai/suggest
├ ƒ /api/ai/suggest-catalog-locale
├ ƒ /api/ai/suggest-catalog-spanish
├ ƒ /api/ai/suggest-finding
├ ƒ /api/ai/suggest-finding-field
├ ƒ /api/automation/mcp
├ ƒ /api/automation/ssh-run
├ ƒ /api/integration/amatista-config
├ ƒ /api/integration/amatista-webhook
├ ƒ /api/integration/cyber-notes
├ ƒ /api/pruebas-seguridad/suites
├ ƒ /api/secops-health
├ ƒ /api/secops/[...path]
├ ƒ /api/secops/audit-logs
├ ƒ /api/secops/ingest/[...path]
├ ƒ /api/vulnerabilities
├ ƒ /api/vulnerabilities/[id]
├ ƒ /api/vulns-catalog
├ ƒ /api/vulns-catalog/[id]
├ ƒ /api/vulns-catalog/bulk-replace
├ ƒ /api/vulns-catalog/export
├ ƒ /api/vulns-catalog/field-config
├ ƒ /api/vulns-catalog/from-finding
├ ƒ /api/vulns-catalog/import
├ ƒ /api/vulns-catalog/meta
├ ƒ /api/vulns-catalog/repair-encoding
├ ƒ /api/vulns-catalog/truncate-explicacion
├ ○ /assets
├ ○ /canvas
├ ○ /compliance
├ ○ /evaluaciones
├ ○ /evaluaciones-catalogo
├ ○ /ingesta-excel
├ ○ /login
├ ○ /login-client
├ ○ /portal
├ ○ /profile
├ ○ /pruebas-seguridad
├ ○ /pruebas-seguridad-catalogo
├ ○ /reports
├ ○ /sec-services
├ ○ /tools
├ ○ /tools/cyber-notes
├ ○ /tools/exposure
├ ○ /tools/methodologies-phantom
├ ○ /tools/nmap
├ ○ /tools/phantom
├ ○ /vul-catalog
├ ○ /vul-mgmt/admin
├ ○ /vul-mgmt/dashboard
├ ○ /vul-mgmt/hallazgos
├ ○ /vul-mgmt/ingesta
├ ○ /vul-mgmt/mapa
└ ○ /vulns-catalog


ƒ Proxy (Middleware)

○  (Static)   prerendered as static content
ƒ  (Dynamic)  server-rendered on demand

[+] Frontend — HTTPS on port 29904 (all interfaces)...
[+] Next.js production HTTPS on all interfaces (dual-stack):29904
    https://localhost:29904
    https://192.168.0.175:29904
    https://100.107.190.11:29904
    https://10.211.55.2:29904
    https://10.37.129.2:29904
[!] Puerto 29914 en uso (backend).
COMMAND   PID      USER   FD   TYPE             DEVICE SIZE/OFF NODE NAME
Python  38850 osvaldohm    4u  IPv4 0x3a8eda27d1754763      0t0  TCP 127.0.0.1:29914 (LISTEN)
Python  38875 osvaldohm    4u  IPv4 0x3a8eda27d1754763      0t0  TCP 127.0.0.1:29914 (LISTEN)
Python  38876 osvaldohm    4u  IPv4 0x3a8eda27d1754763      0t0  TCP 127.0.0.1:29914 (LISTEN)
Python  38877 osvaldohm    4u  IPv4 0x3a8eda27d1754763      0t0  TCP 127.0.0.1:29914 (LISTEN)
Python  38878 osvaldohm    4u  IPv4 0x3a8eda27d1754763      0t0  TCP 127.0.0.1:29914 (LISTEN)
[*] Proceso(s) escuchando:
      38850     1 /Applications/Xcode.app/Contents/Developer/Library/Frameworks/Python3.framework/Versions/3.9/Resources/Python.app/Contents/MacOS/Python /Users/osvaldohm/Desktop/apps/spectre/backend/.venv/bin/uvicorn app.main:app --host 127.0.0.1 --port 29914 --workers 4 --log-level info
      38875 38850 /Applications/Xcode.app/Contents/Developer/Library/Frameworks/Python3.framework/Versions/3.9/Resources/Python.app/Contents/MacOS/Python -c from multiprocessing.spawn import spawn_main; spawn_main(tracker_fd=8, pipe_handle=10) --multiprocessing-fork
      38876 38850 /Applications/Xcode.app/Contents/Developer/Library/Frameworks/Python3.framework/Versions/3.9/Resources/Python.app/Contents/MacOS/Python -c from multiprocessing.spawn import spawn_main; spawn_main(tracker_fd=8, pipe_handle=14) --multiprocessing-fork
      38877 38850 /Applications/Xcode.app/Contents/Developer/Library/Frameworks/Python3.framework/Versions/3.9/Resources/Python.app/Contents/MacOS/Python -c from multiprocessing.spawn import spawn_main; spawn_main(tracker_fd=8, pipe_handle=18) --multiprocessing-fork
      38878 38850 /Applications/Xcode.app/Contents/Developer/Library/Frameworks/Python3.framework/Versions/3.9/Resources/Python.app/Contents/MacOS/Python -c from multiprocessing.spawn import spawn_main; spawn_main(tracker_fd=8, pipe_handle=22) --multiprocessing-fork
    (Parece un servidor Phantom / uvicorn / Next.js anterior.)
[*] PHANTOM_FORCE_PORTS=1 — cerrando sin preguntar.
[*] Terminando PID(s): 38850 38875 38876 38877 38878
INFO:     Shutting down
INFO:     Shutting down
INFO:     Shutting down
INFO:     Shutting down
INFO:     Received SIGTERM, exiting.
INFO:     Terminated child process [38875]
INFO:     Terminated child process [38876]
INFO:     Terminated child process [38877]
INFO:     Terminated child process [38878]
INFO:     Waiting for child process [38875]
INFO:     Waiting for application shutdown.
INFO:     Waiting for application shutdown.
INFO:     Waiting for application shutdown.
INFO:     Application shutdown complete.
INFO:     Finished server process [38878]
INFO:     Application shutdown complete.
INFO:     Application shutdown complete.
INFO:     Waiting for application shutdown.
INFO:     Finished server process [38875]
INFO:     Finished server process [38876]
INFO:     Application shutdown complete.
INFO:     Finished server process [38877]
INFO:     Waiting for child process [38876]
INFO:     Waiting for child process [38877]
INFO:     Waiting for child process [38878]
INFO:     Stopping parent process [38850]
[!] Puerto 29904 en uso (frontend).
COMMAND   PID      USER   FD   TYPE             DEVICE SIZE/OFF NODE NAME
node    39191 osvaldohm   19u  IPv6 0x3fe0c30b280f05cf      0t0  TCP *:29904 (LISTEN)
[*] Proceso(s) escuchando:
      39191     1 node server-prod.mjs
    (Parece un servidor Phantom / uvicorn / Next.js anterior.)
[*] PHANTOM_FORCE_PORTS=1 — cerrando sin preguntar.
[*] Terminando PID(s): 39191
[*] Enviando SIGINT/SIGTERM a PIDs: 39191
[+] Backend (FastAPI, 4 workers, HTTP localhost)...
WARNING: You are using pip version 21.2.4; however, version 26.0.1 is available.
You should consider upgrading via the '/Users/osvaldohm/Desktop/apps/spectre/backend/.venv/bin/python3 -m pip install --upgrade pip' command.
[+] Database bootstrap (single process)...
Auth: tenants y usuarios semilla listos.
Database bootstrap complete.
[+] Frontend — building Next.js (production)...
INFO:     Uvicorn running on http://127.0.0.1:29914 (Press CTRL+C to quit)
INFO:     Started parent process [40858]

> spectre@0.1.0 build
> next build

▲ Next.js 16.2.4 (Turbopack)
- Environments: .env.local, .env
- Experiments (use with caution):
  · proxyClientMaxBodySize: "160mb"
  · proxyTimeout: 600000

  Creating an optimized production build ...
/Users/osvaldohm/Desktop/apps/spectre/backend/.venv/lib/python3.9/site-packages/urllib3/__init__.py:35: NotOpenSSLWarning: urllib3 v2 only supports OpenSSL 1.1.1+, currently the 'ssl' module is compiled with 'LibreSSL 2.8.3'. See: https://github.com/urllib3/urllib3/issues/3020
  warnings.warn(
/Users/osvaldohm/Desktop/apps/spectre/backend/.venv/lib/python3.9/site-packages/urllib3/__init__.py:35: NotOpenSSLWarning: urllib3 v2 only supports OpenSSL 1.1.1+, currently the 'ssl' module is compiled with 'LibreSSL 2.8.3'. See: https://github.com/urllib3/urllib3/issues/3020
  warnings.warn(
/Users/osvaldohm/Desktop/apps/spectre/backend/.venv/lib/python3.9/site-packages/urllib3/__init__.py:35: NotOpenSSLWarning: urllib3 v2 only supports OpenSSL 1.1.1+, currently the 'ssl' module is compiled with 'LibreSSL 2.8.3'. See: https://github.com/urllib3/urllib3/issues/3020
  warnings.warn(
/Users/osvaldohm/Desktop/apps/spectre/backend/.venv/lib/python3.9/site-packages/urllib3/__init__.py:35: NotOpenSSLWarning: urllib3 v2 only supports OpenSSL 1.1.1+, currently the 'ssl' module is compiled with 'LibreSSL 2.8.3'. See: https://github.com/urllib3/urllib3/issues/3020
  warnings.warn(
INFO:     Started server process [40881]
INFO:     Waiting for application startup.
INFO:     Started server process [40887]
INFO:     Waiting for application startup.
INFO:     Started server process [40886]
INFO:     Waiting for application startup.
INFO:     Started server process [40888]
INFO:     Waiting for application startup.
ingest worker not started: Redis unavailable at redis://localhost:6379/0 (start redis or set INGEST_WORKER_ENABLED=false)
INFO:     Application startup complete.
ingest worker not started: Redis unavailable at redis://localhost:6379/0 (start redis or set INGEST_WORKER_ENABLED=false)
INFO:     Application startup complete.
ingest worker not started: Redis unavailable at redis://localhost:6379/0 (start redis or set INGEST_WORKER_ENABLED=false)
INFO:     Application startup complete.
ingest worker not started: Redis unavailable at redis://localhost:6379/0 (start redis or set INGEST_WORKER_ENABLED=false)
INFO:     Application startup complete.
✓ Compiled successfully in 9.1s
  Running TypeScript ...
  Finished TypeScript in 11.5s ...
  Collecting page data using 7 workers ...
  Generating static pages using 7 workers (0/50) ...
  Generating static pages using 7 workers (12/50) 
  Generating static pages using 7 workers (24/50) 
  Generating static pages using 7 workers (37/50) 
✓ Generating static pages using 7 workers (50/50) in 558ms
  Finalizing page optimization ...

Route (app)
┌ ○ /
├ ○ /_not-found
├ ○ /admin
├ ○ /agents
├ ƒ /api/ai/analyze-raw-output
├ ƒ /api/ai/explain
├ ƒ /api/ai/generate-target-map
├ ƒ /api/ai/parse-walkthrough
├ ƒ /api/ai/split-findings
├ ƒ /api/ai/suggest
├ ƒ /api/ai/suggest-catalog-locale
├ ƒ /api/ai/suggest-catalog-spanish
├ ƒ /api/ai/suggest-finding
├ ƒ /api/ai/suggest-finding-field
├ ƒ /api/automation/mcp
├ ƒ /api/automation/ssh-run
├ ƒ /api/integration/amatista-config
├ ƒ /api/integration/amatista-webhook
├ ƒ /api/integration/cyber-notes
├ ƒ /api/pruebas-seguridad/suites
├ ƒ /api/secops-health
├ ƒ /api/secops/[...path]
├ ƒ /api/secops/audit-logs
├ ƒ /api/secops/ingest/[...path]
├ ƒ /api/vulnerabilities
├ ƒ /api/vulnerabilities/[id]
├ ƒ /api/vulns-catalog
├ ƒ /api/vulns-catalog/[id]
├ ƒ /api/vulns-catalog/bulk-replace
├ ƒ /api/vulns-catalog/export
├ ƒ /api/vulns-catalog/field-config
├ ƒ /api/vulns-catalog/from-finding
├ ƒ /api/vulns-catalog/import
├ ƒ /api/vulns-catalog/meta
├ ƒ /api/vulns-catalog/repair-encoding
├ ƒ /api/vulns-catalog/truncate-explicacion
├ ○ /assets
├ ○ /canvas
├ ○ /compliance
├ ○ /evaluaciones
├ ○ /evaluaciones-catalogo
├ ○ /ingesta-excel
├ ○ /login
├ ○ /login-client
├ ○ /portal
├ ○ /profile
├ ○ /pruebas-seguridad
├ ○ /pruebas-seguridad-catalogo
├ ○ /reports
├ ○ /sec-services
├ ○ /tools
├ ○ /tools/cyber-notes
├ ○ /tools/exposure
├ ○ /tools/methodologies-phantom
├ ○ /tools/nmap
├ ○ /tools/phantom
├ ○ /vul-catalog
├ ○ /vul-mgmt/admin
├ ○ /vul-mgmt/dashboard
├ ○ /vul-mgmt/hallazgos
├ ○ /vul-mgmt/ingesta
├ ○ /vul-mgmt/mapa
└ ○ /vulns-catalog


ƒ Proxy (Middleware)

○  (Static)   prerendered as static content
ƒ  (Dynamic)  server-rendered on demand

[+] Frontend — HTTPS on port 29904 (all interfaces)...
[+] Next.js production HTTPS on all interfaces (dual-stack):29904
    https://localhost:29904
    https://192.168.0.175:29904
    https://100.107.190.11:29904
    https://10.211.55.2:29904
    https://10.37.129.2:29904
[!] Puerto 29914 en uso (backend).
COMMAND   PID      USER   FD   TYPE             DEVICE SIZE/OFF NODE NAME
Python  40858 osvaldohm    5u  IPv4 0xfc3d36272504bafe      0t0  TCP 127.0.0.1:29914 (LISTEN)
Python  40881 osvaldohm    5u  IPv4 0xfc3d36272504bafe      0t0  TCP 127.0.0.1:29914 (LISTEN)
Python  40886 osvaldohm    5u  IPv4 0xfc3d36272504bafe      0t0  TCP 127.0.0.1:29914 (LISTEN)
Python  40887 osvaldohm    5u  IPv4 0xfc3d36272504bafe      0t0  TCP 127.0.0.1:29914 (LISTEN)
Python  40888 osvaldohm    5u  IPv4 0xfc3d36272504bafe      0t0  TCP 127.0.0.1:29914 (LISTEN)
[*] Proceso(s) escuchando:
      40858     1 /Applications/Xcode.app/Contents/Developer/Library/Frameworks/Python3.framework/Versions/3.9/Resources/Python.app/Contents/MacOS/Python /Users/osvaldohm/Desktop/apps/spectre/backend/.venv/bin/uvicorn app.main:app --host 127.0.0.1 --port 29914 --workers 4 --log-level info
      40881 40858 /Applications/Xcode.app/Contents/Developer/Library/Frameworks/Python3.framework/Versions/3.9/Resources/Python.app/Contents/MacOS/Python -c from multiprocessing.spawn import spawn_main; spawn_main(tracker_fd=9, pipe_handle=11) --multiprocessing-fork
      40886 40858 /Applications/Xcode.app/Contents/Developer/Library/Frameworks/Python3.framework/Versions/3.9/Resources/Python.app/Contents/MacOS/Python -c from multiprocessing.spawn import spawn_main; spawn_main(tracker_fd=9, pipe_handle=15) --multiprocessing-fork
      40887 40858 /Applications/Xcode.app/Contents/Developer/Library/Frameworks/Python3.framework/Versions/3.9/Resources/Python.app/Contents/MacOS/Python -c from multiprocessing.spawn import spawn_main; spawn_main(tracker_fd=9, pipe_handle=19) --multiprocessing-fork
      40888 40858 /Applications/Xcode.app/Contents/Developer/Library/Frameworks/Python3.framework/Versions/3.9/Resources/Python.app/Contents/MacOS/Python -c from multiprocessing.spawn import spawn_main; spawn_main(tracker_fd=9, pipe_handle=23) --multiprocessing-fork
    (Parece un servidor Phantom / uvicorn / Next.js anterior.)

[!] Puerto 29914 en uso (backend).
COMMAND   PID      USER   FD   TYPE             DEVICE SIZE/OFF NODE NAME
Python  40858 osvaldohm    5u  IPv4 0xfc3d36272504bafe      0t0  TCP 127.0.0.1:29914 (LISTEN)
Python  40881 osvaldohm    5u  IPv4 0xfc3d36272504bafe      0t0  TCP 127.0.0.1:29914 (LISTEN)
Python  40886 osvaldohm    5u  IPv4 0xfc3d36272504bafe      0t0  TCP 127.0.0.1:29914 (LISTEN)
Python  40887 osvaldohm    5u  IPv4 0xfc3d36272504bafe      0t0  TCP 127.0.0.1:29914 (LISTEN)
Python  40888 osvaldohm    5u  IPv4 0xfc3d36272504bafe      0t0  TCP 127.0.0.1:29914 (LISTEN)
[*] Proceso(s) escuchando:
      40858     1 /Applications/Xcode.app/Contents/Developer/Library/Frameworks/Python3.framework/Versions/3.9/Resources/Python.app/Contents/MacOS/Python /Users/osvaldohm/Desktop/apps/spectre/backend/.venv/bin/uvicorn app.main:app --host 127.0.0.1 --port 29914 --workers 4 --log-level info
      40881 40858 /Applications/Xcode.app/Contents/Developer/Library/Frameworks/Python3.framework/Versions/3.9/Resources/Python.app/Contents/MacOS/Python -c from multiprocessing.spawn import spawn_main; spawn_main(tracker_fd=9, pipe_handle=11) --multiprocessing-fork
      40886 40858 /Applications/Xcode.app/Contents/Developer/Library/Frameworks/Python3.framework/Versions/3.9/Resources/Python.app/Contents/MacOS/Python -c from multiprocessing.spawn import spawn_main; spawn_main(tracker_fd=9, pipe_handle=15) --multiprocessing-fork
      40887 40858 /Applications/Xcode.app/Contents/Developer/Library/Frameworks/Python3.framework/Versions/3.9/Resources/Python.app/Contents/MacOS/Python -c from multiprocessing.spawn import spawn_main; spawn_main(tracker_fd=9, pipe_handle=19) --multiprocessing-fork
      40888 40858 /Applications/Xcode.app/Contents/Developer/Library/Frameworks/Python3.framework/Versions/3.9/Resources/Python.app/Contents/MacOS/Python -c from multiprocessing.spawn import spawn_main; spawn_main(tracker_fd=9, pipe_handle=23) --multiprocessing-fork
    (Parece un servidor Phantom / uvicorn / Next.js anterior.)
[*] PHANTOM_FORCE_PORTS=1 — cerrando sin preguntar.
[*] Terminando PID(s): 40858 40881 40886 40887 40888
[*] Enviando SIGINT/SIGTERM a PIDs: 40858 40881 40886 40887 40888
INFO:     Shutting down
INFO:     Shutting down
INFO:     Shutting down
INFO:     Received SIGTERM, exiting.
INFO:     Terminated child process [40881]
INFO:     Terminated child process [40886]
INFO:     Terminated child process [40887]
INFO:     Terminated child process [40888]
INFO:     Waiting for child process [40881]
INFO:     Shutting down
INFO:     Waiting for application shutdown.
INFO:     Application shutdown complete.
INFO:     Finished server process [40881]
INFO:     Waiting for child process [40886]
INFO:     Waiting for application shutdown.
INFO:     Waiting for application shutdown.
INFO:     Application shutdown complete.
INFO:     Application shutdown complete.
INFO:     Finished server process [40887]
INFO:     Finished server process [40886]
INFO:     Waiting for child process [40887]
INFO:     Waiting for child process [40888]
INFO:     Waiting for application shutdown.
INFO:     Application shutdown complete.
INFO:     Finished server process [40888]
INFO:     Stopping parent process [40858]
[+] Puerto 29914 libre.
[!] Puerto 29904 en uso (frontend).
COMMAND   PID      USER   FD   TYPE             DEVICE SIZE/OFF NODE NAME
node    41004 osvaldohm   20u  IPv6 0xe760b57915fbf2e4      0t0  TCP *:29904 (LISTEN)
[*] Proceso(s) escuchando:
      41004     1 node server-prod.mjs
    (Parece un servidor Phantom / uvicorn / Next.js anterior.)
[*] PHANTOM_FORCE_PORTS=1 — cerrando sin preguntar.
[*] Terminando PID(s): 41004
[*] Enviando SIGINT/SIGTERM a PIDs: 41004
[+] Puerto 29904 libre.
[+] Backend (FastAPI, 4 workers, HTTP localhost)...
WARNING: You are using pip version 21.2.4; however, version 26.0.1 is available.
You should consider upgrading via the '/Users/osvaldohm/Desktop/apps/spectre/backend/.venv/bin/python3 -m pip install --upgrade pip' command.
[+] Database bootstrap (single process)...
Auth: tenants y usuarios semilla listos.
Database bootstrap complete.
[+] Frontend — building Next.js (production)...
INFO:     Uvicorn running on http://127.0.0.1:29914 (Press CTRL+C to quit)
INFO:     Started parent process [41654]

> spectre@0.1.0 build
> next build

▲ Next.js 16.2.4 (Turbopack)
- Environments: .env.local, .env
- Experiments (use with caution):
  · proxyClientMaxBodySize: "160mb"
  · proxyTimeout: 600000

  Creating an optimized production build ...
/Users/osvaldohm/Desktop/apps/spectre/backend/.venv/lib/python3.9/site-packages/urllib3/__init__.py:35: NotOpenSSLWarning: urllib3 v2 only supports OpenSSL 1.1.1+, currently the 'ssl' module is compiled with 'LibreSSL 2.8.3'. See: https://github.com/urllib3/urllib3/issues/3020
  warnings.warn(
/Users/osvaldohm/Desktop/apps/spectre/backend/.venv/lib/python3.9/site-packages/urllib3/__init__.py:35: NotOpenSSLWarning: urllib3 v2 only supports OpenSSL 1.1.1+, currently the 'ssl' module is compiled with 'LibreSSL 2.8.3'. See: https://github.com/urllib3/urllib3/issues/3020
  warnings.warn(
/Users/osvaldohm/Desktop/apps/spectre/backend/.venv/lib/python3.9/site-packages/urllib3/__init__.py:35: NotOpenSSLWarning: urllib3 v2 only supports OpenSSL 1.1.1+, currently the 'ssl' module is compiled with 'LibreSSL 2.8.3'. See: https://github.com/urllib3/urllib3/issues/3020
  warnings.warn(
/Users/osvaldohm/Desktop/apps/spectre/backend/.venv/lib/python3.9/site-packages/urllib3/__init__.py:35: NotOpenSSLWarning: urllib3 v2 only supports OpenSSL 1.1.1+, currently the 'ssl' module is compiled with 'LibreSSL 2.8.3'. See: https://github.com/urllib3/urllib3/issues/3020
  warnings.warn(
INFO:     Started server process [41666]
INFO:     Waiting for application startup.
INFO:     Started server process [41663]
INFO:     Waiting for application startup.
INFO:     Started server process [41665]
INFO:     Waiting for application startup.
INFO:     Started server process [41667]
INFO:     Waiting for application startup.
ingest worker not started: Redis unavailable at redis://localhost:6379/0 (start redis or set INGEST_WORKER_ENABLED=false)
INFO:     Application startup complete.
ingest worker not started: Redis unavailable at redis://localhost:6379/0 (start redis or set INGEST_WORKER_ENABLED=false)
INFO:     Application startup complete.
ingest worker not started: Redis unavailable at redis://localhost:6379/0 (start redis or set INGEST_WORKER_ENABLED=false)
INFO:     Application startup complete.
ingest worker not started: Redis unavailable at redis://localhost:6379/0 (start redis or set INGEST_WORKER_ENABLED=false)
INFO:     Application startup complete.
✓ Compiled successfully in 8.8s
  Running TypeScript ...
  Finished TypeScript in 12.1s ...
  Collecting page data using 7 workers ...
  Generating static pages using 7 workers (0/50) ...
  Generating static pages using 7 workers (12/50) 
  Generating static pages using 7 workers (24/50) 
  Generating static pages using 7 workers (37/50) 
✓ Generating static pages using 7 workers (50/50) in 618ms
  Finalizing page optimization ...

Route (app)
┌ ○ /
├ ○ /_not-found
├ ○ /admin
├ ○ /agents
├ ƒ /api/ai/analyze-raw-output
├ ƒ /api/ai/explain
├ ƒ /api/ai/generate-target-map
├ ƒ /api/ai/parse-walkthrough
├ ƒ /api/ai/split-findings
├ ƒ /api/ai/suggest
├ ƒ /api/ai/suggest-catalog-locale
├ ƒ /api/ai/suggest-catalog-spanish
├ ƒ /api/ai/suggest-finding
├ ƒ /api/ai/suggest-finding-field
├ ƒ /api/automation/mcp
├ ƒ /api/automation/ssh-run
├ ƒ /api/integration/amatista-config
├ ƒ /api/integration/amatista-webhook
├ ƒ /api/integration/cyber-notes
├ ƒ /api/pruebas-seguridad/suites
├ ƒ /api/secops-health
├ ƒ /api/secops/[...path]
├ ƒ /api/secops/audit-logs
├ ƒ /api/secops/ingest/[...path]
├ ƒ /api/vulnerabilities
├ ƒ /api/vulnerabilities/[id]
├ ƒ /api/vulns-catalog
├ ƒ /api/vulns-catalog/[id]
├ ƒ /api/vulns-catalog/bulk-replace
├ ƒ /api/vulns-catalog/export
├ ƒ /api/vulns-catalog/field-config
├ ƒ /api/vulns-catalog/from-finding
├ ƒ /api/vulns-catalog/import
├ ƒ /api/vulns-catalog/meta
├ ƒ /api/vulns-catalog/repair-encoding
├ ƒ /api/vulns-catalog/truncate-explicacion
├ ○ /assets
├ ○ /canvas
├ ○ /compliance
├ ○ /evaluaciones
├ ○ /evaluaciones-catalogo
├ ○ /ingesta-excel
├ ○ /login
├ ○ /login-client
├ ○ /portal
├ ○ /profile
├ ○ /pruebas-seguridad
├ ○ /pruebas-seguridad-catalogo
├ ○ /reports
├ ○ /sec-services
├ ○ /tools
├ ○ /tools/cyber-notes
├ ○ /tools/exposure
├ ○ /tools/methodologies-phantom
├ ○ /tools/nmap
├ ○ /tools/phantom
├ ○ /vul-catalog
├ ○ /vul-mgmt/admin
├ ○ /vul-mgmt/dashboard
├ ○ /vul-mgmt/hallazgos
├ ○ /vul-mgmt/ingesta
├ ○ /vul-mgmt/mapa
└ ○ /vulns-catalog


ƒ Proxy (Middleware)

○  (Static)   prerendered as static content
ƒ  (Dynamic)  server-rendered on demand

[+] Frontend — HTTPS on port 29904 (all interfaces)...
[+] Next.js production HTTPS on all interfaces (dual-stack):29904
    https://localhost:29904
    https://192.168.0.175:29904
    https://100.107.190.11:29904
    https://10.211.55.2:29904
    https://10.37.129.2:29904
[!] Puerto 29914 en uso (backend).
COMMAND   PID      USER   FD   TYPE             DEVICE SIZE/OFF NODE NAME
Python  41654 osvaldohm    5u  IPv4 0x5b1fbfd425b3fc4e      0t0  TCP 127.0.0.1:29914 (LISTEN)
Python  41663 osvaldohm    5u  IPv4 0x5b1fbfd425b3fc4e      0t0  TCP 127.0.0.1:29914 (LISTEN)
Python  41665 osvaldohm    5u  IPv4 0x5b1fbfd425b3fc4e      0t0  TCP 127.0.0.1:29914 (LISTEN)
Python  41666 osvaldohm    5u  IPv4 0x5b1fbfd425b3fc4e      0t0  TCP 127.0.0.1:29914 (LISTEN)
Python  41667 osvaldohm    5u  IPv4 0x5b1fbfd425b3fc4e      0t0  TCP 127.0.0.1:29914 (LISTEN)
[*] Proceso(s) escuchando:
      41654     1 /Applications/Xcode.app/Contents/Developer/Library/Frameworks/Python3.framework/Versions/3.9/Resources/Python.app/Contents/MacOS/Python /Users/osvaldohm/Desktop/apps/spectre/backend/.venv/bin/uvicorn app.main:app --host 127.0.0.1 --port 29914 --workers 4 --log-level info
      41663 41654 /Applications/Xcode.app/Contents/Developer/Library/Frameworks/Python3.framework/Versions/3.9/Resources/Python.app/Contents/MacOS/Python -c from multiprocessing.spawn import spawn_main; spawn_main(tracker_fd=9, pipe_handle=11) --multiprocessing-fork
      41665 41654 /Applications/Xcode.app/Contents/Developer/Library/Frameworks/Python3.framework/Versions/3.9/Resources/Python.app/Contents/MacOS/Python -c from multiprocessing.spawn import spawn_main; spawn_main(tracker_fd=9, pipe_handle=15) --multiprocessing-fork
      41666 41654 /Applications/Xcode.app/Contents/Developer/Library/Frameworks/Python3.framework/Versions/3.9/Resources/Python.app/Contents/MacOS/Python -c from multiprocessing.spawn import spawn_main; spawn_main(tracker_fd=9, pipe_handle=19) --multiprocessing-fork
      41667 41654 /Applications/Xcode.app/Contents/Developer/Library/Frameworks/Python3.framework/Versions/3.9/Resources/Python.app/Contents/MacOS/Python -c from multiprocessing.spawn import spawn_main; spawn_main(tracker_fd=9, pipe_handle=23) --multiprocessing-fork
    (Parece un servidor Phantom / uvicorn / Next.js anterior.)
[*] PHANTOM_FORCE_PORTS=1 — cerrando sin preguntar.
[*] Terminando PID(s): 41654 41663 41665 41666 41667
[*] Enviando SIGINT/SIGTERM a PIDs: 41654 41663 41665 41666 41667
INFO:     Shutting down
INFO:     Shutting down
INFO:     Shutting down
INFO:     Shutting down
INFO:     Waiting for application shutdown.
INFO:     Application shutdown complete.
INFO:     Finished server process [41665]
INFO:     Waiting for application shutdown.
INFO:     Application shutdown complete.
INFO:     Finished server process [41666]
INFO:     Waiting for application shutdown.
INFO:     Application shutdown complete.
INFO:     Finished server process [41667]
INFO:     Waiting for application shutdown.
INFO:     Application shutdown complete.
INFO:     Finished server process [41663]
INFO:     Received SIGTERM, exiting.
INFO:     Waiting for child process [41663]
INFO:     Waiting for child process [41665]
INFO:     Waiting for child process [41666]
INFO:     Waiting for child process [41667]
INFO:     Stopping parent process [41654]
[+] Puerto 29914 libre.
[!] Puerto 29904 en uso (frontend).
COMMAND   PID      USER   FD   TYPE             DEVICE SIZE/OFF NODE NAME
node    41764 osvaldohm   20u  IPv6 0x7a0cc29986854293      0t0  TCP *:29904 (LISTEN)
[*] Proceso(s) escuchando:
      41764     1 node server-prod.mjs
    (Parece un servidor Phantom / uvicorn / Next.js anterior.)
[*] PHANTOM_FORCE_PORTS=1 — cerrando sin preguntar.
[*] Terminando PID(s): 41764
[*] Enviando SIGINT/SIGTERM a PIDs: 41764
[+] Puerto 29904 libre.
[+] Backend (FastAPI, 4 workers, HTTP localhost)...
WARNING: You are using pip version 21.2.4; however, version 26.0.1 is available.
You should consider upgrading via the '/Users/osvaldohm/Desktop/apps/spectre/backend/.venv/bin/python3 -m pip install --upgrade pip' command.
[+] Database bootstrap (single process)...
Auth: tenants y usuarios semilla listos.
Database bootstrap complete.
[+] Frontend — building Next.js (production)...
INFO:     Uvicorn running on http://127.0.0.1:29914 (Press CTRL+C to quit)
INFO:     Started parent process [42729]

> spectre@0.1.0 build
> next build

▲ Next.js 16.2.4 (Turbopack)
- Environments: .env.local, .env
- Experiments (use with caution):
  · proxyClientMaxBodySize: "160mb"
  · proxyTimeout: 600000

  Creating an optimized production build ...
/Users/osvaldohm/Desktop/apps/spectre/backend/.venv/lib/python3.9/site-packages/urllib3/__init__.py:35: NotOpenSSLWarning: urllib3 v2 only supports OpenSSL 1.1.1+, currently the 'ssl' module is compiled with 'LibreSSL 2.8.3'. See: https://github.com/urllib3/urllib3/issues/3020
  warnings.warn(
/Users/osvaldohm/Desktop/apps/spectre/backend/.venv/lib/python3.9/site-packages/urllib3/__init__.py:35: NotOpenSSLWarning: urllib3 v2 only supports OpenSSL 1.1.1+, currently the 'ssl' module is compiled with 'LibreSSL 2.8.3'. See: https://github.com/urllib3/urllib3/issues/3020
  warnings.warn(
/Users/osvaldohm/Desktop/apps/spectre/backend/.venv/lib/python3.9/site-packages/urllib3/__init__.py:35: NotOpenSSLWarning: urllib3 v2 only supports OpenSSL 1.1.1+, currently the 'ssl' module is compiled with 'LibreSSL 2.8.3'. See: https://github.com/urllib3/urllib3/issues/3020
  warnings.warn(
/Users/osvaldohm/Desktop/apps/spectre/backend/.venv/lib/python3.9/site-packages/urllib3/__init__.py:35: NotOpenSSLWarning: urllib3 v2 only supports OpenSSL 1.1.1+, currently the 'ssl' module is compiled with 'LibreSSL 2.8.3'. See: https://github.com/urllib3/urllib3/issues/3020
  warnings.warn(
INFO:     Started server process [42756]
INFO:     Waiting for application startup.
INFO:     Started server process [42733]
INFO:     Waiting for application startup.
INFO:     Started server process [42741]
INFO:     Waiting for application startup.
INFO:     Started server process [42757]
INFO:     Waiting for application startup.
ingest worker not started: Redis unavailable at redis://localhost:6379/0 (start redis or set INGEST_WORKER_ENABLED=false)
INFO:     Application startup complete.
ingest worker not started: Redis unavailable at redis://localhost:6379/0 (start redis or set INGEST_WORKER_ENABLED=false)
INFO:     Application startup complete.
ingest worker not started: Redis unavailable at redis://localhost:6379/0 (start redis or set INGEST_WORKER_ENABLED=false)
INFO:     Application startup complete.
ingest worker not started: Redis unavailable at redis://localhost:6379/0 (start redis or set INGEST_WORKER_ENABLED=false)
INFO:     Application startup complete.
✓ Compiled successfully in 7.5s
  Running TypeScript ...
  Finished TypeScript in 10.5s ...
  Collecting page data using 7 workers ...
  Generating static pages using 7 workers (0/50) ...
  Generating static pages using 7 workers (12/50) 
  Generating static pages using 7 workers (24/50) 
  Generating static pages using 7 workers (37/50) 
✓ Generating static pages using 7 workers (50/50) in 835ms
  Finalizing page optimization ...

Route (app)
┌ ○ /
├ ○ /_not-found
├ ○ /admin
├ ○ /agents
├ ƒ /api/ai/analyze-raw-output
├ ƒ /api/ai/explain
├ ƒ /api/ai/generate-target-map
├ ƒ /api/ai/parse-walkthrough
├ ƒ /api/ai/split-findings
├ ƒ /api/ai/suggest
├ ƒ /api/ai/suggest-catalog-locale
├ ƒ /api/ai/suggest-catalog-spanish
├ ƒ /api/ai/suggest-finding
├ ƒ /api/ai/suggest-finding-field
├ ƒ /api/automation/mcp
├ ƒ /api/automation/ssh-run
├ ƒ /api/integration/amatista-config
├ ƒ /api/integration/amatista-webhook
├ ƒ /api/integration/cyber-notes
├ ƒ /api/pruebas-seguridad/suites
├ ƒ /api/secops-health
├ ƒ /api/secops/[...path]
├ ƒ /api/secops/audit-logs
├ ƒ /api/secops/ingest/[...path]
├ ƒ /api/vulnerabilities
├ ƒ /api/vulnerabilities/[id]
├ ƒ /api/vulns-catalog
├ ƒ /api/vulns-catalog/[id]
├ ƒ /api/vulns-catalog/bulk-replace
├ ƒ /api/vulns-catalog/export
├ ƒ /api/vulns-catalog/field-config
├ ƒ /api/vulns-catalog/from-finding
├ ƒ /api/vulns-catalog/import
├ ƒ /api/vulns-catalog/meta
├ ƒ /api/vulns-catalog/repair-encoding
├ ƒ /api/vulns-catalog/truncate-explicacion
├ ○ /assets
├ ○ /canvas
├ ○ /compliance
├ ○ /evaluaciones
├ ○ /evaluaciones-catalogo
├ ○ /ingesta-excel
├ ○ /login
├ ○ /login-client
├ ○ /portal
├ ○ /profile
├ ○ /pruebas-seguridad
├ ○ /pruebas-seguridad-catalogo
├ ○ /reports
├ ○ /sec-services
├ ○ /tools
├ ○ /tools/cyber-notes
├ ○ /tools/exposure
├ ○ /tools/methodologies-phantom
├ ○ /tools/nmap
├ ○ /tools/phantom
├ ○ /vul-catalog
├ ○ /vul-mgmt/admin
├ ○ /vul-mgmt/dashboard
├ ○ /vul-mgmt/hallazgos
├ ○ /vul-mgmt/ingesta
├ ○ /vul-mgmt/mapa
└ ○ /vulns-catalog


ƒ Proxy (Middleware)

○  (Static)   prerendered as static content
ƒ  (Dynamic)  server-rendered on demand

[+] Frontend — HTTPS on port 29904 (all interfaces)...
[+] Next.js production HTTPS on all interfaces (dual-stack):29904
    https://localhost:29904
    https://192.168.0.175:29904
    https://100.107.190.11:29904
    https://10.211.55.2:29904
    https://10.37.129.2:29904
INFO:     100.113.214.7:0 - "GET /api/v1/findings?limit=500 HTTP/1.1" 401 Unauthorized
INFO:     100.113.214.7:0 - "GET /api/v1/findings/stats/platform HTTP/1.1" 401 Unauthorized
INFO:     100.113.214.7:0 - "GET /api/v1/auth/me HTTP/1.1" 401 Unauthorized
INFO:     100.113.214.7:0 - "POST /api/v1/auth/login HTTP/1.1" 401 Unauthorized
INFO:     100.113.214.7:0 - "POST /api/v1/auth/login HTTP/1.1" 401 Unauthorized
INFO:     100.113.214.7:0 - "POST /api/v1/auth/login HTTP/1.1" 401 Unauthorized
INFO:     100.113.214.7:0 - "POST /api/v1/auth/login HTTP/1.1" 401 Unauthorized
INFO:     127.0.0.1:54829 - "POST /api/v1/auth/login HTTP/1.1" 200 OK
[!] Puerto 29914 en uso (backend).
COMMAND   PID      USER   FD   TYPE             DEVICE SIZE/OFF NODE NAME
Python  42729 osvaldohm    4u  IPv4 0xbb501defa14d4589      0t0  TCP 127.0.0.1:29914 (LISTEN)
Python  42733 osvaldohm    4u  IPv4 0xbb501defa14d4589      0t0  TCP 127.0.0.1:29914 (LISTEN)
Python  42741 osvaldohm    4u  IPv4 0xbb501defa14d4589      0t0  TCP 127.0.0.1:29914 (LISTEN)
Python  42756 osvaldohm    4u  IPv4 0xbb501defa14d4589      0t0  TCP 127.0.0.1:29914 (LISTEN)
Python  42757 osvaldohm    4u  IPv4 0xbb501defa14d4589      0t0  TCP 127.0.0.1:29914 (LISTEN)
[*] Proceso(s) escuchando:
      42729     1 /Applications/Xcode.app/Contents/Developer/Library/Frameworks/Python3.framework/Versions/3.9/Resources/Python.app/Contents/MacOS/Python /Users/osvaldohm/Desktop/apps/spectre/backend/.venv/bin/uvicorn app.main:app --host 127.0.0.1 --port 29914 --workers 4 --log-level info
      42733 42729 /Applications/Xcode.app/Contents/Developer/Library/Frameworks/Python3.framework/Versions/3.9/Resources/Python.app/Contents/MacOS/Python -c from multiprocessing.spawn import spawn_main; spawn_main(tracker_fd=8, pipe_handle=10) --multiprocessing-fork
      42741 42729 /Applications/Xcode.app/Contents/Developer/Library/Frameworks/Python3.framework/Versions/3.9/Resources/Python.app/Contents/MacOS/Python -c from multiprocessing.spawn import spawn_main; spawn_main(tracker_fd=8, pipe_handle=14) --multiprocessing-fork
      42756 42729 /Applications/Xcode.app/Contents/Developer/Library/Frameworks/Python3.framework/Versions/3.9/Resources/Python.app/Contents/MacOS/Python -c from multiprocessing.spawn import spawn_main; spawn_main(tracker_fd=8, pipe_handle=18) --multiprocessing-fork
      42757 42729 /Applications/Xcode.app/Contents/Developer/Library/Frameworks/Python3.framework/Versions/3.9/Resources/Python.app/Contents/MacOS/Python -c from multiprocessing.spawn import spawn_main; spawn_main(tracker_fd=8, pipe_handle=22) --multiprocessing-fork
    (Parece un servidor Phantom / uvicorn / Next.js anterior.)
[*] PHANTOM_FORCE_PORTS=1 — cerrando sin preguntar.
[*] Terminando PID(s): 42729 42733 42741 42756 42757
[*] Enviando SIGINT/SIGTERM a PIDs: 42729 42733 42741 42756 42757
INFO:     Shutting down
INFO:     Shutting down
INFO:     Shutting down
INFO:     Shutting down
INFO:     Waiting for application shutdown.
INFO:     Waiting for application shutdown.
INFO:     Waiting for application shutdown.
INFO:     Application shutdown complete.
INFO:     Finished server process [42741]
INFO:     Application shutdown complete.
INFO:     Finished server process [42756]
INFO:     Application shutdown complete.
INFO:     Finished server process [42757]
INFO:     Waiting for application shutdown.
INFO:     Application shutdown complete.
INFO:     Finished server process [42733]
INFO:     Received SIGTERM, exiting.
INFO:     Waiting for child process [42733]
INFO:     Waiting for child process [42741]
INFO:     Waiting for child process [42756]
INFO:     Waiting for child process [42757]
INFO:     Stopping parent process [42729]
[+] Puerto 29914 libre.
[!] Puerto 29904 en uso (frontend).
COMMAND   PID      USER   FD   TYPE             DEVICE SIZE/OFF NODE NAME
node    42826 osvaldohm   19u  IPv6 0x531ddf4c2ec853a2      0t0  TCP *:29904 (LISTEN)
[*] Proceso(s) escuchando:
      42826     1 node server-prod.mjs
    (Parece un servidor Phantom / uvicorn / Next.js anterior.)
[*] PHANTOM_FORCE_PORTS=1 — cerrando sin preguntar.
[*] Terminando PID(s): 42826
[*] Enviando SIGINT/SIGTERM a PIDs: 42826
[+] Puerto 29904 libre.
[+] Backend (FastAPI, 4 workers, HTTP localhost)...
WARNING: You are using pip version 21.2.4; however, version 26.0.1 is available.
You should consider upgrading via the '/Users/osvaldohm/Desktop/apps/spectre/backend/.venv/bin/python3 -m pip install --upgrade pip' command.
[+] Database bootstrap (single process)...
Auth: tenants y usuarios semilla listos.
Database bootstrap complete.
[+] Frontend — building Next.js (production)...
INFO:     Uvicorn running on http://127.0.0.1:29914 (Press CTRL+C to quit)
INFO:     Started parent process [46726]

> spectre@0.1.0 build
> next build

▲ Next.js 16.2.4 (Turbopack)
- Environments: .env.local, .env
- Experiments (use with caution):
  · proxyClientMaxBodySize: "160mb"
  · proxyTimeout: 600000

/Users/osvaldohm/Desktop/apps/spectre/backend/.venv/lib/python3.9/site-packages/urllib3/__init__.py:35: NotOpenSSLWarning: urllib3 v2 only supports OpenSSL 1.1.1+, currently the 'ssl' module is compiled with 'LibreSSL 2.8.3'. See: https://github.com/urllib3/urllib3/issues/3020
  warnings.warn(
/Users/osvaldohm/Desktop/apps/spectre/backend/.venv/lib/python3.9/site-packages/urllib3/__init__.py:35: NotOpenSSLWarning: urllib3 v2 only supports OpenSSL 1.1.1+, currently the 'ssl' module is compiled with 'LibreSSL 2.8.3'. See: https://github.com/urllib3/urllib3/issues/3020
  warnings.warn(
  Creating an optimized production build ...
/Users/osvaldohm/Desktop/apps/spectre/backend/.venv/lib/python3.9/site-packages/urllib3/__init__.py:35: NotOpenSSLWarning: urllib3 v2 only supports OpenSSL 1.1.1+, currently the 'ssl' module is compiled with 'LibreSSL 2.8.3'. See: https://github.com/urllib3/urllib3/issues/3020
  warnings.warn(
/Users/osvaldohm/Desktop/apps/spectre/backend/.venv/lib/python3.9/site-packages/urllib3/__init__.py:35: NotOpenSSLWarning: urllib3 v2 only supports OpenSSL 1.1.1+, currently the 'ssl' module is compiled with 'LibreSSL 2.8.3'. See: https://github.com/urllib3/urllib3/issues/3020
  warnings.warn(
INFO:     Started server process [46730]
INFO:     Waiting for application startup.
INFO:     Started server process [46731]
INFO:     Waiting for application startup.
INFO:     Started server process [46732]
INFO:     Waiting for application startup.
INFO:     Started server process [46733]
INFO:     Waiting for application startup.
ingest worker not started: Redis unavailable at redis://localhost:6379/0 (start redis or set INGEST_WORKER_ENABLED=false)
ingest worker not started: Redis unavailable at redis://localhost:6379/0 (start redis or set INGEST_WORKER_ENABLED=false)
ingest worker not started: Redis unavailable at redis://localhost:6379/0 (start redis or set INGEST_WORKER_ENABLED=false)
INFO:     Application startup complete.
INFO:     Application startup complete.
INFO:     Application startup complete.
ingest worker not started: Redis unavailable at redis://localhost:6379/0 (start redis or set INGEST_WORKER_ENABLED=false)
INFO:     Application startup complete.
✓ Compiled successfully in 8.4s
  Running TypeScript ...
  Finished TypeScript in 10.2s ...
  Collecting page data using 7 workers ...
  Generating static pages using 7 workers (0/50) ...
  Generating static pages using 7 workers (12/50) 
  Generating static pages using 7 workers (24/50) 
  Generating static pages using 7 workers (37/50) 
✓ Generating static pages using 7 workers (50/50) in 546ms
  Finalizing page optimization ...

Route (app)
┌ ○ /
├ ○ /_not-found
├ ○ /admin
├ ○ /agents
├ ƒ /api/ai/analyze-raw-output
├ ƒ /api/ai/explain
├ ƒ /api/ai/generate-target-map
├ ƒ /api/ai/parse-walkthrough
├ ƒ /api/ai/split-findings
├ ƒ /api/ai/suggest
├ ƒ /api/ai/suggest-catalog-locale
├ ƒ /api/ai/suggest-catalog-spanish
├ ƒ /api/ai/suggest-finding
├ ƒ /api/ai/suggest-finding-field
├ ƒ /api/automation/mcp
├ ƒ /api/automation/ssh-run
├ ƒ /api/integration/amatista-config
├ ƒ /api/integration/amatista-webhook
├ ƒ /api/integration/cyber-notes
├ ƒ /api/pruebas-seguridad/suites
├ ƒ /api/secops-health
├ ƒ /api/secops/[...path]
├ ƒ /api/secops/audit-logs
├ ƒ /api/secops/ingest/[...path]
├ ƒ /api/vulnerabilities
├ ƒ /api/vulnerabilities/[id]
├ ƒ /api/vulns-catalog
├ ƒ /api/vulns-catalog/[id]
├ ƒ /api/vulns-catalog/bulk-replace
├ ƒ /api/vulns-catalog/export
├ ƒ /api/vulns-catalog/field-config
├ ƒ /api/vulns-catalog/from-finding
├ ƒ /api/vulns-catalog/import
├ ƒ /api/vulns-catalog/meta
├ ƒ /api/vulns-catalog/repair-encoding
├ ƒ /api/vulns-catalog/truncate-explicacion
├ ○ /assets
├ ○ /canvas
├ ○ /compliance
├ ○ /evaluaciones
├ ○ /evaluaciones-catalogo
├ ○ /ingesta-excel
├ ○ /login
├ ○ /login-client
├ ○ /portal
├ ○ /profile
├ ○ /pruebas-seguridad
├ ○ /pruebas-seguridad-catalogo
├ ○ /reports
├ ○ /sec-services
├ ○ /tools
├ ○ /tools/cyber-notes
├ ○ /tools/exposure
├ ○ /tools/methodologies-phantom
├ ○ /tools/nmap
├ ○ /tools/phantom
├ ○ /vul-catalog
├ ○ /vul-mgmt/admin
├ ○ /vul-mgmt/dashboard
├ ○ /vul-mgmt/hallazgos
├ ○ /vul-mgmt/ingesta
├ ○ /vul-mgmt/mapa
└ ○ /vulns-catalog


ƒ Proxy (Middleware)

○  (Static)   prerendered as static content
ƒ  (Dynamic)  server-rendered on demand

[+] Frontend — HTTPS on port 29904 (all interfaces)...
[+] Next.js production HTTPS on all interfaces (dual-stack):29904
    https://localhost:29904
    https://192.168.0.175:29904
    https://100.107.190.11:29904
    https://10.211.55.2:29904
    https://10.37.129.2:29904
INFO:     100.113.214.7:0 - "POST /api/v1/auth/login HTTP/1.1" 401 Unauthorized
INFO:     100.113.214.7:0 - "POST /api/v1/auth/login HTTP/1.1" 401 Unauthorized
INFO:     100.113.214.7:0 - "POST /api/v1/auth/login HTTP/1.1" 401 Unauthorized
INFO:     100.113.214.7:0 - "POST /api/v1/auth/login HTTP/1.1" 200 OK
INFO:     100.113.214.7:0 - "POST /api/v1/auth/change-password HTTP/1.1" 400 Bad Request
INFO:     100.113.214.7:0 - "POST /api/v1/auth/change-password HTTP/1.1" 400 Bad Request
INFO:     100.113.214.7:0 - "POST /api/v1/auth/change-password HTTP/1.1" 400 Bad Request
INFO:     100.113.214.7:0 - "GET /api/v1/auth/me HTTP/1.1" 200 OK
INFO:     100.113.214.7:0 - "GET /api/v1/branding/assets/96f8a280-692c-42a6-a2c0-b198815c1859/logo.jpg HTTP/1.1" 200 OK
[!] Puerto 29914 en uso (backend).
COMMAND   PID      USER   FD   TYPE             DEVICE SIZE/OFF NODE NAME
Python  46726 osvaldohm    5u  IPv4 0xbf34e5dbfe7b9de7      0t0  TCP 127.0.0.1:29914 (LISTEN)
Python  46730 osvaldohm    5u  IPv4 0xbf34e5dbfe7b9de7      0t0  TCP 127.0.0.1:29914 (LISTEN)
Python  46731 osvaldohm    5u  IPv4 0xbf34e5dbfe7b9de7      0t0  TCP 127.0.0.1:29914 (LISTEN)
Python  46732 osvaldohm    5u  IPv4 0xbf34e5dbfe7b9de7      0t0  TCP 127.0.0.1:29914 (LISTEN)
Python  46733 osvaldohm    5u  IPv4 0xbf34e5dbfe7b9de7      0t0  TCP 127.0.0.1:29914 (LISTEN)
[*] Proceso(s) escuchando:
      46726     1 /Applications/Xcode.app/Contents/Developer/Library/Frameworks/Python3.framework/Versions/3.9/Resources/Python.app/Contents/MacOS/Python /Users/osvaldohm/Desktop/apps/spectre/backend/.venv/bin/uvicorn app.main:app --host 127.0.0.1 --port 29914 --workers 4 --log-level info
      46730 46726 /Applications/Xcode.app/Contents/Developer/Library/Frameworks/Python3.framework/Versions/3.9/Resources/Python.app/Contents/MacOS/Python -c from multiprocessing.spawn import spawn_main; spawn_main(tracker_fd=9, pipe_handle=11) --multiprocessing-fork
      46731 46726 /Applications/Xcode.app/Contents/Developer/Library/Frameworks/Python3.framework/Versions/3.9/Resources/Python.app/Contents/MacOS/Python -c from multiprocessing.spawn import spawn_main; spawn_main(tracker_fd=9, pipe_handle=15) --multiprocessing-fork
      46732 46726 /Applications/Xcode.app/Contents/Developer/Library/Frameworks/Python3.framework/Versions/3.9/Resources/Python.app/Contents/MacOS/Python -c from multiprocessing.spawn import spawn_main; spawn_main(tracker_fd=9, pipe_handle=19) --multiprocessing-fork
      46733 46726 /Applications/Xcode.app/Contents/Developer/Library/Frameworks/Python3.framework/Versions/3.9/Resources/Python.app/Contents/MacOS/Python -c from multiprocessing.spawn import spawn_main; spawn_main(tracker_fd=9, pipe_handle=23) --multiprocessing-fork
    (Parece un servidor Phantom / uvicorn / Next.js anterior.)
[*] PHANTOM_FORCE_PORTS=1 — cerrando sin preguntar.
[*] Terminando PID(s): 46726 46730 46731 46732 46733
[*] Enviando SIGINT/SIGTERM a PIDs: 46726 46730 46731 46732 46733
INFO:     Shutting down
INFO:     Shutting down
INFO:     Shutting down
INFO:     Shutting down
INFO:     Waiting for application shutdown.
INFO:     Waiting for application shutdown.
INFO:     Application shutdown complete.
INFO:     Finished server process [46732]
INFO:     Application shutdown complete.
INFO:     Finished server process [46730]
INFO:     Waiting for application shutdown.
INFO:     Application shutdown complete.
INFO:     Finished server process [46731]
INFO:     Waiting for application shutdown.
INFO:     Application shutdown complete.
INFO:     Finished server process [46733]
INFO:     Received SIGTERM, exiting.
INFO:     Waiting for child process [46730]
INFO:     Waiting for child process [46731]
INFO:     Waiting for child process [46732]
INFO:     Waiting for child process [46733]
INFO:     Stopping parent process [46726]
[+] Puerto 29914 libre.
[!] Puerto 29904 en uso (frontend).
COMMAND   PID      USER   FD   TYPE             DEVICE SIZE/OFF NODE NAME
node    46849 osvaldohm   20u  IPv6 0xd8651cafa5e3864f      0t0  TCP *:29904 (LISTEN)
[*] Proceso(s) escuchando:
      46849     1 node server-prod.mjs
    (Parece un servidor Phantom / uvicorn / Next.js anterior.)
[*] PHANTOM_FORCE_PORTS=1 — cerrando sin preguntar.
[*] Terminando PID(s): 46849
[*] Enviando SIGINT/SIGTERM a PIDs: 46849
[+] Puerto 29904 libre.
[+] Backend (FastAPI, 4 workers, HTTP localhost)...
WARNING: You are using pip version 21.2.4; however, version 26.0.1 is available.
You should consider upgrading via the '/Users/osvaldohm/Desktop/apps/spectre/backend/.venv/bin/python3 -m pip install --upgrade pip' command.
[+] Database bootstrap (single process)...
Auth: tenants y usuarios semilla listos.
Database bootstrap complete.
[+] Frontend — building Next.js (production)...
INFO:     Uvicorn running on http://127.0.0.1:29914 (Press CTRL+C to quit)
INFO:     Started parent process [47950]

> spectre@0.1.0 build
> next build

▲ Next.js 16.2.4 (Turbopack)
- Environments: .env.local, .env
- Experiments (use with caution):
  · proxyClientMaxBodySize: "160mb"
  · proxyTimeout: 600000

  Creating an optimized production build ...
/Users/osvaldohm/Desktop/apps/spectre/backend/.venv/lib/python3.9/site-packages/urllib3/__init__.py:35: NotOpenSSLWarning: urllib3 v2 only supports OpenSSL 1.1.1+, currently the 'ssl' module is compiled with 'LibreSSL 2.8.3'. See: https://github.com/urllib3/urllib3/issues/3020
  warnings.warn(
/Users/osvaldohm/Desktop/apps/spectre/backend/.venv/lib/python3.9/site-packages/urllib3/__init__.py:35: NotOpenSSLWarning: urllib3 v2 only supports OpenSSL 1.1.1+, currently the 'ssl' module is compiled with 'LibreSSL 2.8.3'. See: https://github.com/urllib3/urllib3/issues/3020
  warnings.warn(
/Users/osvaldohm/Desktop/apps/spectre/backend/.venv/lib/python3.9/site-packages/urllib3/__init__.py:35: NotOpenSSLWarning: urllib3 v2 only supports OpenSSL 1.1.1+, currently the 'ssl' module is compiled with 'LibreSSL 2.8.3'. See: https://github.com/urllib3/urllib3/issues/3020
  warnings.warn(
/Users/osvaldohm/Desktop/apps/spectre/backend/.venv/lib/python3.9/site-packages/urllib3/__init__.py:35: NotOpenSSLWarning: urllib3 v2 only supports OpenSSL 1.1.1+, currently the 'ssl' module is compiled with 'LibreSSL 2.8.3'. See: https://github.com/urllib3/urllib3/issues/3020
  warnings.warn(
INFO:     Started server process [47984]
INFO:     Waiting for application startup.
INFO:     Started server process [47977]
INFO:     Waiting for application startup.
INFO:     Started server process [47985]
INFO:     Waiting for application startup.
INFO:     Started server process [47983]
INFO:     Waiting for application startup.
ingest worker not started: Redis unavailable at redis://localhost:6379/0 (start redis or set INGEST_WORKER_ENABLED=false)
ingest worker not started: Redis unavailable at redis://localhost:6379/0 (start redis or set INGEST_WORKER_ENABLED=false)
INFO:     Application startup complete.
INFO:     Application startup complete.
ingest worker not started: Redis unavailable at redis://localhost:6379/0 (start redis or set INGEST_WORKER_ENABLED=false)
ingest worker not started: Redis unavailable at redis://localhost:6379/0 (start redis or set INGEST_WORKER_ENABLED=false)
INFO:     Application startup complete.
INFO:     Application startup complete.
✓ Compiled successfully in 8.4s
  Running TypeScript ...
  Finished TypeScript in 10.2s ...
  Collecting page data using 7 workers ...
  Generating static pages using 7 workers (0/50) ...
  Generating static pages using 7 workers (12/50) 
  Generating static pages using 7 workers (24/50) 
  Generating static pages using 7 workers (37/50) 
✓ Generating static pages using 7 workers (50/50) in 525ms
  Finalizing page optimization ...

Route (app)
┌ ○ /
├ ○ /_not-found
├ ○ /admin
├ ○ /agents
├ ƒ /api/ai/analyze-raw-output
├ ƒ /api/ai/explain
├ ƒ /api/ai/generate-target-map
├ ƒ /api/ai/parse-walkthrough
├ ƒ /api/ai/split-findings
├ ƒ /api/ai/suggest
├ ƒ /api/ai/suggest-catalog-locale
├ ƒ /api/ai/suggest-catalog-spanish
├ ƒ /api/ai/suggest-finding
├ ƒ /api/ai/suggest-finding-field
├ ƒ /api/automation/mcp
├ ƒ /api/automation/ssh-run
├ ƒ /api/integration/amatista-config
├ ƒ /api/integration/amatista-webhook
├ ƒ /api/integration/cyber-notes
├ ƒ /api/pruebas-seguridad/suites
├ ƒ /api/secops-health
├ ƒ /api/secops/[...path]
├ ƒ /api/secops/audit-logs
├ ƒ /api/secops/ingest/[...path]
├ ƒ /api/vulnerabilities
├ ƒ /api/vulnerabilities/[id]
├ ƒ /api/vulns-catalog
├ ƒ /api/vulns-catalog/[id]
├ ƒ /api/vulns-catalog/bulk-replace
├ ƒ /api/vulns-catalog/export
├ ƒ /api/vulns-catalog/field-config
├ ƒ /api/vulns-catalog/from-finding
├ ƒ /api/vulns-catalog/import
├ ƒ /api/vulns-catalog/meta
├ ƒ /api/vulns-catalog/repair-encoding
├ ƒ /api/vulns-catalog/truncate-explicacion
├ ○ /assets
├ ○ /canvas
├ ○ /compliance
├ ○ /evaluaciones
├ ○ /evaluaciones-catalogo
├ ○ /ingesta-excel
├ ○ /login
├ ○ /login-client
├ ○ /portal
├ ○ /profile
├ ○ /pruebas-seguridad
├ ○ /pruebas-seguridad-catalogo
├ ○ /reports
├ ○ /sec-services
├ ○ /tools
├ ○ /tools/cyber-notes
├ ○ /tools/exposure
├ ○ /tools/methodologies-phantom
├ ○ /tools/nmap
├ ○ /tools/phantom
├ ○ /vul-catalog
├ ○ /vul-mgmt/admin
├ ○ /vul-mgmt/dashboard
├ ○ /vul-mgmt/hallazgos
├ ○ /vul-mgmt/ingesta
├ ○ /vul-mgmt/mapa
└ ○ /vulns-catalog


ƒ Proxy (Middleware)

○  (Static)   prerendered as static content
ƒ  (Dynamic)  server-rendered on demand

[+] Frontend — HTTPS on port 29904 (all interfaces)...
[+] Next.js production HTTPS on all interfaces (dual-stack):29904
    https://localhost:29904
    https://192.168.0.175:29904
    https://100.107.190.11:29904
    https://10.211.55.2:29904
    https://10.37.129.2:29904
[!] Puerto 29914 en uso (backend).
COMMAND   PID      USER   FD   TYPE             DEVICE SIZE/OFF NODE NAME
Python  47950 osvaldohm    5u  IPv4 0x7182cee9c03e68a7      0t0  TCP 127.0.0.1:29914 (LISTEN)
Python  47977 osvaldohm    5u  IPv4 0x7182cee9c03e68a7      0t0  TCP 127.0.0.1:29914 (LISTEN)
Python  47983 osvaldohm    5u  IPv4 0x7182cee9c03e68a7      0t0  TCP 127.0.0.1:29914 (LISTEN)
Python  47984 osvaldohm    5u  IPv4 0x7182cee9c03e68a7      0t0  TCP 127.0.0.1:29914 (LISTEN)
Python  47985 osvaldohm    5u  IPv4 0x7182cee9c03e68a7      0t0  TCP 127.0.0.1:29914 (LISTEN)
[*] Proceso(s) escuchando:
      47950     1 /Applications/Xcode.app/Contents/Developer/Library/Frameworks/Python3.framework/Versions/3.9/Resources/Python.app/Contents/MacOS/Python /Users/osvaldohm/Desktop/apps/spectre/backend/.venv/bin/uvicorn app.main:app --host 127.0.0.1 --port 29914 --workers 4 --log-level info
      47977 47950 /Applications/Xcode.app/Contents/Developer/Library/Frameworks/Python3.framework/Versions/3.9/Resources/Python.app/Contents/MacOS/Python -c from multiprocessing.spawn import spawn_main; spawn_main(tracker_fd=9, pipe_handle=11) --multiprocessing-fork
      47983 47950 /Applications/Xcode.app/Contents/Developer/Library/Frameworks/Python3.framework/Versions/3.9/Resources/Python.app/Contents/MacOS/Python -c from multiprocessing.spawn import spawn_main; spawn_main(tracker_fd=9, pipe_handle=15) --multiprocessing-fork
      47984 47950 /Applications/Xcode.app/Contents/Developer/Library/Frameworks/Python3.framework/Versions/3.9/Resources/Python.app/Contents/MacOS/Python -c from multiprocessing.spawn import spawn_main; spawn_main(tracker_fd=9, pipe_handle=19) --multiprocessing-fork
      47985 47950 /Applications/Xcode.app/Contents/Developer/Library/Frameworks/Python3.framework/Versions/3.9/Resources/Python.app/Contents/MacOS/Python -c from multiprocessing.spawn import spawn_main; spawn_main(tracker_fd=9, pipe_handle=23) --multiprocessing-fork
    (Parece un servidor Phantom / uvicorn / Next.js anterior.)
[*] PHANTOM_FORCE_PORTS=1 — cerrando sin preguntar.
[*] Terminando PID(s): 47950 47977 47983 47984 47985
[*] Enviando SIGINT/SIGTERM a PIDs: 47950 47977 47983 47984 47985
INFO:     Shutting down
INFO:     Shutting down
INFO:     Shutting down
INFO:     Shutting down
INFO:     Waiting for application shutdown.
INFO:     Application shutdown complete.
INFO:     Finished server process [47977]
INFO:     Waiting for application shutdown.
INFO:     Waiting for application shutdown.
INFO:     Application shutdown complete.
INFO:     Application shutdown complete.
INFO:     Finished server process [47983]
INFO:     Finished server process [47985]
INFO:     Waiting for application shutdown.
INFO:     Application shutdown complete.
INFO:     Finished server process [47984]
INFO:     Received SIGTERM, exiting.
INFO:     Waiting for child process [47977]
INFO:     Waiting for child process [47983]
INFO:     Waiting for child process [47984]
INFO:     Waiting for child process [47985]
INFO:     Stopping parent process [47950]
[+] Puerto 29914 libre.
[!] Puerto 29904 en uso (frontend).
COMMAND   PID      USER   FD   TYPE             DEVICE SIZE/OFF NODE NAME
node    48048 osvaldohm   20u  IPv6 0xd7d2903eb608f367      0t0  TCP *:29904 (LISTEN)
[*] Proceso(s) escuchando:
      48048     1 node server-prod.mjs
    (Parece un servidor Phantom / uvicorn / Next.js anterior.)
[*] PHANTOM_FORCE_PORTS=1 — cerrando sin preguntar.
[*] Terminando PID(s): 48048
[*] Enviando SIGINT/SIGTERM a PIDs: 48048
[+] Puerto 29904 libre.
[+] Backend (FastAPI, 4 workers, HTTP localhost)...
WARNING: You are using pip version 21.2.4; however, version 26.0.1 is available.
You should consider upgrading via the '/Users/osvaldohm/Desktop/apps/spectre/backend/.venv/bin/python3 -m pip install --upgrade pip' command.
[+] Database bootstrap (single process)...
Auth: tenants y usuarios semilla listos.
Database bootstrap complete.
[+] Frontend — building Next.js (production)...
INFO:     Uvicorn running on http://127.0.0.1:29914 (Press CTRL+C to quit)
INFO:     Started parent process [48270]

> spectre@0.1.0 build
> next build

▲ Next.js 16.2.4 (Turbopack)
- Environments: .env.local, .env
- Experiments (use with caution):
  · proxyClientMaxBodySize: "160mb"
  · proxyTimeout: 600000

  Creating an optimized production build ...
/Users/osvaldohm/Desktop/apps/spectre/backend/.venv/lib/python3.9/site-packages/urllib3/__init__.py:35: NotOpenSSLWarning: urllib3 v2 only supports OpenSSL 1.1.1+, currently the 'ssl' module is compiled with 'LibreSSL 2.8.3'. See: https://github.com/urllib3/urllib3/issues/3020
  warnings.warn(
/Users/osvaldohm/Desktop/apps/spectre/backend/.venv/lib/python3.9/site-packages/urllib3/__init__.py:35: NotOpenSSLWarning: urllib3 v2 only supports OpenSSL 1.1.1+, currently the 'ssl' module is compiled with 'LibreSSL 2.8.3'. See: https://github.com/urllib3/urllib3/issues/3020
  warnings.warn(
/Users/osvaldohm/Desktop/apps/spectre/backend/.venv/lib/python3.9/site-packages/urllib3/__init__.py:35: NotOpenSSLWarning: urllib3 v2 only supports OpenSSL 1.1.1+, currently the 'ssl' module is compiled with 'LibreSSL 2.8.3'. See: https://github.com/urllib3/urllib3/issues/3020
  warnings.warn(
/Users/osvaldohm/Desktop/apps/spectre/backend/.venv/lib/python3.9/site-packages/urllib3/__init__.py:35: NotOpenSSLWarning: urllib3 v2 only supports OpenSSL 1.1.1+, currently the 'ssl' module is compiled with 'LibreSSL 2.8.3'. See: https://github.com/urllib3/urllib3/issues/3020
  warnings.warn(
INFO:     Started server process [48298]
INFO:     Waiting for application startup.
INFO:     Started server process [48295]
INFO:     Waiting for application startup.
INFO:     Started server process [48296]
INFO:     Waiting for application startup.
INFO:     Started server process [48297]
INFO:     Waiting for application startup.
ingest worker not started: Redis unavailable at redis://localhost:6379/0 (start redis or set INGEST_WORKER_ENABLED=false)
ingest worker not started: Redis unavailable at redis://localhost:6379/0 (start redis or set INGEST_WORKER_ENABLED=false)
INFO:     Application startup complete.
INFO:     Application startup complete.
ingest worker not started: Redis unavailable at redis://localhost:6379/0 (start redis or set INGEST_WORKER_ENABLED=false)
INFO:     Application startup complete.
ingest worker not started: Redis unavailable at redis://localhost:6379/0 (start redis or set INGEST_WORKER_ENABLED=false)
INFO:     Application startup complete.
✓ Compiled successfully in 8.3s
  Running TypeScript ...
  Finished TypeScript in 10.0s ...
  Collecting page data using 7 workers ...
  Generating static pages using 7 workers (0/50) ...
  Generating static pages using 7 workers (12/50) 
  Generating static pages using 7 workers (24/50) 
  Generating static pages using 7 workers (37/50) 
✓ Generating static pages using 7 workers (50/50) in 489ms
  Finalizing page optimization ...

Route (app)
┌ ○ /
├ ○ /_not-found
├ ○ /admin
├ ○ /agents
├ ƒ /api/ai/analyze-raw-output
├ ƒ /api/ai/explain
├ ƒ /api/ai/generate-target-map
├ ƒ /api/ai/parse-walkthrough
├ ƒ /api/ai/split-findings
├ ƒ /api/ai/suggest
├ ƒ /api/ai/suggest-catalog-locale
├ ƒ /api/ai/suggest-catalog-spanish
├ ƒ /api/ai/suggest-finding
├ ƒ /api/ai/suggest-finding-field
├ ƒ /api/automation/mcp
├ ƒ /api/automation/ssh-run
├ ƒ /api/integration/amatista-config
├ ƒ /api/integration/amatista-webhook
├ ƒ /api/integration/cyber-notes
├ ƒ /api/pruebas-seguridad/suites
├ ƒ /api/secops-health
├ ƒ /api/secops/[...path]
├ ƒ /api/secops/audit-logs
├ ƒ /api/secops/ingest/[...path]
├ ƒ /api/vulnerabilities
├ ƒ /api/vulnerabilities/[id]
├ ƒ /api/vulns-catalog
├ ƒ /api/vulns-catalog/[id]
├ ƒ /api/vulns-catalog/bulk-replace
├ ƒ /api/vulns-catalog/export
├ ƒ /api/vulns-catalog/field-config
├ ƒ /api/vulns-catalog/from-finding
├ ƒ /api/vulns-catalog/import
├ ƒ /api/vulns-catalog/meta
├ ƒ /api/vulns-catalog/repair-encoding
├ ƒ /api/vulns-catalog/truncate-explicacion
├ ○ /assets
├ ○ /canvas
├ ○ /compliance
├ ○ /evaluaciones
├ ○ /evaluaciones-catalogo
├ ○ /ingesta-excel
├ ○ /login
├ ○ /login-client
├ ○ /portal
├ ○ /profile
├ ○ /pruebas-seguridad
├ ○ /pruebas-seguridad-catalogo
├ ○ /reports
├ ○ /sec-services
├ ○ /tools
├ ○ /tools/cyber-notes
├ ○ /tools/exposure
├ ○ /tools/methodologies-phantom
├ ○ /tools/nmap
├ ○ /tools/phantom
├ ○ /vul-catalog
├ ○ /vul-mgmt/admin
├ ○ /vul-mgmt/dashboard
├ ○ /vul-mgmt/hallazgos
├ ○ /vul-mgmt/ingesta
├ ○ /vul-mgmt/mapa
└ ○ /vulns-catalog


ƒ Proxy (Middleware)

○  (Static)   prerendered as static content
ƒ  (Dynamic)  server-rendered on demand

[+] Frontend — HTTPS on port 29904 (all interfaces)...
[+] Next.js production HTTPS on all interfaces (dual-stack):29904
    https://localhost:29904
    https://192.168.0.175:29904
    https://100.107.190.11:29904
    https://10.211.55.2:29904
    https://10.37.129.2:29904
INFO:     100.113.214.7:0 - "GET /api/v1/auth/me HTTP/1.1" 200 OK
INFO:     100.113.214.7:0 - "GET /api/v1/branding/assets/96f8a280-692c-42a6-a2c0-b198815c1859/logo.jpg HTTP/1.1" 200 OK
INFO:     100.113.214.7:0 - "GET /api/v1/findings/stats/platform HTTP/1.1" 200 OK
INFO:     100.113.214.7:0 - "GET /api/v1/findings/stats/platform HTTP/1.1" 200 OK
INFO:     100.113.214.7:0 - "GET /api/v1/findings/stats/platform HTTP/1.1" 401 Unauthorized
INFO:     100.113.214.7:0 - "GET /api/v1/findings?limit=500 HTTP/1.1" 200 OK
INFO:     100.113.214.7:0 - "GET /api/v1/findings?limit=500 HTTP/1.1" 200 OK
INFO:     100.113.214.7:0 - "GET /api/v1/findings?limit=500 HTTP/1.1" 401 Unauthorized
INFO:     100.113.214.7:0 - "POST /api/v1/auth/login HTTP/1.1" 401 Unauthorized
INFO:     100.113.214.7:0 - "POST /api/v1/auth/login HTTP/1.1" 200 OK
INFO:     100.113.214.7:0 - "GET /api/v1/branding/assets/96f8a280-692c-42a6-a2c0-b198815c1859/logo.jpg HTTP/1.1" 200 OK
INFO:     100.113.214.7:0 - "GET /api/v1/findings/stats/platform HTTP/1.1" 200 OK
INFO:     100.113.214.7:0 - "GET /api/v1/compliance/frameworks HTTP/1.1" 200 OK
INFO:     100.113.214.7:0 - "GET /api/v1/compliance/controls?framework=ISO27001 HTTP/1.1" 200 OK
INFO:     100.113.214.7:0 - "GET /api/v1/compliance/frameworks HTTP/1.1" 200 OK
INFO:     100.113.214.7:0 - "GET /api/v1/engagements HTTP/1.1" 200 OK
INFO:     100.113.214.7:0 - "GET /api/v1/findings/stats/platform HTTP/1.1" 200 OK
INFO:     100.113.214.7:0 - "GET /api/v1/engagements HTTP/1.1" 200 OK
INFO:     100.113.214.7:0 - "GET /api/v1/engagements HTTP/1.1" 200 OK
INFO:     100.113.214.7:0 - "GET /api/v1/findings?limit=500 HTTP/1.1" 200 OK
INFO:     100.113.214.7:0 - "GET /api/v1/findings?engagement_id=5ba1b20f-0b6d-40b5-ace8-3a1e00f62ed2&limit=500 HTTP/1.1" 200 OK
INFO:     100.113.214.7:0 - "GET /api/v1/branding/assets/96f8a280-692c-42a6-a2c0-b198815c1859/logo.jpg HTTP/1.1" 200 OK
INFO:     100.113.214.7:0 - "GET /api/v1/engagements HTTP/1.1" 200 OK
INFO:     100.113.214.7:0 - "GET /api/v1/docx-templates/jobs?engagement_id=5ba1b20f-0b6d-40b5-ace8-3a1e00f62ed2 HTTP/1.1" 200 OK
INFO:     100.113.214.7:0 - "GET /api/v1/findings?engagement_id=5ba1b20f-0b6d-40b5-ace8-3a1e00f62ed2&limit=500 HTTP/1.1" 200 OK
[!] Puerto 29914 en uso (backend).
COMMAND   PID      USER   FD   TYPE             DEVICE SIZE/OFF NODE NAME
Python  48270 osvaldohm    4u  IPv4 0xd7d2903eb608f367      0t0  TCP 127.0.0.1:29914 (LISTEN)
Python  48295 osvaldohm    4u  IPv4 0xd7d2903eb608f367      0t0  TCP 127.0.0.1:29914 (LISTEN)
Python  48296 osvaldohm    4u  IPv4 0xd7d2903eb608f367      0t0  TCP 127.0.0.1:29914 (LISTEN)
Python  48297 osvaldohm    4u  IPv4 0xd7d2903eb608f367      0t0  TCP 127.0.0.1:29914 (LISTEN)
Python  48298 osvaldohm    4u  IPv4 0xd7d2903eb608f367      0t0  TCP 127.0.0.1:29914 (LISTEN)
[*] Proceso(s) escuchando:
      48270     1 /Applications/Xcode.app/Contents/Developer/Library/Frameworks/Python3.framework/Versions/3.9/Resources/Python.app/Contents/MacOS/Python /Users/osvaldohm/Desktop/apps/spectre/backend/.venv/bin/uvicorn app.main:app --host 127.0.0.1 --port 29914 --workers 4 --log-level info
      48295 48270 /Applications/Xcode.app/Contents/Developer/Library/Frameworks/Python3.framework/Versions/3.9/Resources/Python.app/Contents/MacOS/Python -c from multiprocessing.spawn import spawn_main; spawn_main(tracker_fd=8, pipe_handle=10) --multiprocessing-fork
      48296 48270 /Applications/Xcode.app/Contents/Developer/Library/Frameworks/Python3.framework/Versions/3.9/Resources/Python.app/Contents/MacOS/Python -c from multiprocessing.spawn import spawn_main; spawn_main(tracker_fd=8, pipe_handle=14) --multiprocessing-fork
      48297 48270 /Applications/Xcode.app/Contents/Developer/Library/Frameworks/Python3.framework/Versions/3.9/Resources/Python.app/Contents/MacOS/Python -c from multiprocessing.spawn import spawn_main; spawn_main(tracker_fd=8, pipe_handle=18) --multiprocessing-fork
      48298 48270 /Applications/Xcode.app/Contents/Developer/Library/Frameworks/Python3.framework/Versions/3.9/Resources/Python.app/Contents/MacOS/Python -c from multiprocessing.spawn import spawn_main; spawn_main(tracker_fd=8, pipe_handle=22) --multiprocessing-fork
    (Parece un servidor Phantom / uvicorn / Next.js anterior.)
[*] PHANTOM_FORCE_PORTS=1 — cerrando sin preguntar.
[*] Terminando PID(s): 48270 48295 48296 48297 48298
[*] Enviando SIGINT/SIGTERM a PIDs: 48270 48295 48296 48297 48298
INFO:     Shutting down
INFO:     Shutting down
INFO:     Shutting down
INFO:     Shutting down
INFO:     Waiting for application shutdown.
INFO:     Application shutdown complete.
INFO:     Finished server process [48295]
INFO:     Waiting for application shutdown.
INFO:     Waiting for application shutdown.
INFO:     Waiting for application shutdown.
INFO:     Application shutdown complete.
INFO:     Finished server process [48298]
INFO:     Application shutdown complete.
INFO:     Finished server process [48296]
INFO:     Application shutdown complete.
INFO:     Finished server process [48297]
INFO:     Received SIGTERM, exiting.
INFO:     Terminated child process [48296]
INFO:     Terminated child process [48297]
INFO:     Terminated child process [48298]
INFO:     Waiting for child process [48295]
INFO:     Waiting for child process [48296]
INFO:     Waiting for child process [48297]
INFO:     Waiting for child process [48298]
INFO:     Stopping parent process [48270]
[+] Puerto 29914 libre.
Failed to proxy http://127.0.0.1:29914/api/v1/auth/me Error: connect ECONNREFUSED 127.0.0.1:29914
    at <unknown> (Error: connect ECONNREFUSED 127.0.0.1:29914) {
  errno: -61,
  code: 'ECONNREFUSED',
  syscall: 'connect',
  address: '127.0.0.1',
  port: 29914
}
Error: connect ECONNREFUSED 127.0.0.1:29914
    at <unknown> (Error: connect ECONNREFUSED 127.0.0.1:29914) {
  errno: -61,
  code: 'ECONNREFUSED',
  syscall: 'connect',
  address: '127.0.0.1',
  port: 29914
}
[!] Puerto 29904 en uso (frontend).
COMMAND   PID      USER   FD   TYPE            DEVICE SIZE/OFF NODE NAME
node    48364 osvaldohm   19u  IPv6 0xbdae395b83856cd      0t0  TCP *:29904 (LISTEN)
[*] Proceso(s) escuchando:
      48364     1 node server-prod.mjs
    (Parece un servidor Phantom / uvicorn / Next.js anterior.)
[*] PHANTOM_FORCE_PORTS=1 — cerrando sin preguntar.
[*] Terminando PID(s): 48364
[*] Enviando SIGINT/SIGTERM a PIDs: 48364
[+] Puerto 29904 libre.
[+] Backend (FastAPI, 4 workers, HTTP localhost)...
WARNING: You are using pip version 21.2.4; however, version 26.0.1 is available.
You should consider upgrading via the '/Users/osvaldohm/Desktop/apps/spectre/backend/.venv/bin/python3 -m pip install --upgrade pip' command.
[+] Database bootstrap (single process)...
Auth: tenants y usuarios semilla listos.
Database bootstrap complete.
[+] Frontend — building Next.js (production)...
INFO:     Uvicorn running on http://127.0.0.1:29914 (Press CTRL+C to quit)
INFO:     Started parent process [51017]

> spectre@0.1.0 build
> next build

▲ Next.js 16.2.4 (Turbopack)
- Environments: .env.local, .env
- Experiments (use with caution):
  · proxyClientMaxBodySize: "160mb"
  · proxyTimeout: 600000

  Creating an optimized production build ...
/Users/osvaldohm/Desktop/apps/spectre/backend/.venv/lib/python3.9/site-packages/urllib3/__init__.py:35: NotOpenSSLWarning: urllib3 v2 only supports OpenSSL 1.1.1+, currently the 'ssl' module is compiled with 'LibreSSL 2.8.3'. See: https://github.com/urllib3/urllib3/issues/3020
  warnings.warn(
/Users/osvaldohm/Desktop/apps/spectre/backend/.venv/lib/python3.9/site-packages/urllib3/__init__.py:35: NotOpenSSLWarning: urllib3 v2 only supports OpenSSL 1.1.1+, currently the 'ssl' module is compiled with 'LibreSSL 2.8.3'. See: https://github.com/urllib3/urllib3/issues/3020
  warnings.warn(
/Users/osvaldohm/Desktop/apps/spectre/backend/.venv/lib/python3.9/site-packages/urllib3/__init__.py:35: NotOpenSSLWarning: urllib3 v2 only supports OpenSSL 1.1.1+, currently the 'ssl' module is compiled with 'LibreSSL 2.8.3'. See: https://github.com/urllib3/urllib3/issues/3020
  warnings.warn(
/Users/osvaldohm/Desktop/apps/spectre/backend/.venv/lib/python3.9/site-packages/urllib3/__init__.py:35: NotOpenSSLWarning: urllib3 v2 only supports OpenSSL 1.1.1+, currently the 'ssl' module is compiled with 'LibreSSL 2.8.3'. See: https://github.com/urllib3/urllib3/issues/3020
  warnings.warn(
INFO:     Started server process [51043]
INFO:     Waiting for application startup.
INFO:     Started server process [51042]
INFO:     Waiting for application startup.
INFO:     Started server process [51044]
INFO:     Waiting for application startup.
INFO:     Started server process [51045]
INFO:     Waiting for application startup.
ingest worker not started: Redis unavailable at redis://localhost:6379/0 (start redis or set INGEST_WORKER_ENABLED=false)
INFO:     Application startup complete.
ingest worker not started: Redis unavailable at redis://localhost:6379/0 (start redis or set INGEST_WORKER_ENABLED=false)
INFO:     Application startup complete.
ingest worker not started: Redis unavailable at redis://localhost:6379/0 (start redis or set INGEST_WORKER_ENABLED=false)
INFO:     Application startup complete.
ingest worker not started: Redis unavailable at redis://localhost:6379/0 (start redis or set INGEST_WORKER_ENABLED=false)
INFO:     Application startup complete.
✓ Compiled successfully in 8.4s
  Running TypeScript ...
  Finished TypeScript in 10.4s ...
  Collecting page data using 7 workers ...
  Generating static pages using 7 workers (0/50) ...
  Generating static pages using 7 workers (12/50) 
  Generating static pages using 7 workers (24/50) 
  Generating static pages using 7 workers (37/50) 
✓ Generating static pages using 7 workers (50/50) in 496ms
  Finalizing page optimization ...

Route (app)
┌ ○ /
├ ○ /_not-found
├ ○ /admin
├ ○ /agents
├ ƒ /api/ai/analyze-raw-output
├ ƒ /api/ai/explain
├ ƒ /api/ai/generate-target-map
├ ƒ /api/ai/parse-walkthrough
├ ƒ /api/ai/split-findings
├ ƒ /api/ai/suggest
├ ƒ /api/ai/suggest-catalog-locale
├ ƒ /api/ai/suggest-catalog-spanish
├ ƒ /api/ai/suggest-finding
├ ƒ /api/ai/suggest-finding-field
├ ƒ /api/automation/mcp
├ ƒ /api/automation/ssh-run
├ ƒ /api/integration/amatista-config
├ ƒ /api/integration/amatista-webhook
├ ƒ /api/integration/cyber-notes
├ ƒ /api/pruebas-seguridad/suites
├ ƒ /api/secops-health
├ ƒ /api/secops/[...path]
├ ƒ /api/secops/audit-logs
├ ƒ /api/secops/ingest/[...path]
├ ƒ /api/vulnerabilities
├ ƒ /api/vulnerabilities/[id]
├ ƒ /api/vulns-catalog
├ ƒ /api/vulns-catalog/[id]
├ ƒ /api/vulns-catalog/bulk-replace
├ ƒ /api/vulns-catalog/export
├ ƒ /api/vulns-catalog/field-config
├ ƒ /api/vulns-catalog/from-finding
├ ƒ /api/vulns-catalog/import
├ ƒ /api/vulns-catalog/meta
├ ƒ /api/vulns-catalog/repair-encoding
├ ƒ /api/vulns-catalog/truncate-explicacion
├ ○ /assets
├ ○ /canvas
├ ○ /compliance
├ ○ /evaluaciones
├ ○ /evaluaciones-catalogo
├ ○ /ingesta-excel
├ ○ /login
├ ○ /login-client
├ ○ /portal
├ ○ /profile
├ ○ /pruebas-seguridad
├ ○ /pruebas-seguridad-catalogo
├ ○ /reports
├ ○ /sec-services
├ ○ /tools
├ ○ /tools/cyber-notes
├ ○ /tools/exposure
├ ○ /tools/methodologies-phantom
├ ○ /tools/nmap
├ ○ /tools/phantom
├ ○ /vul-catalog
├ ○ /vul-mgmt/admin
├ ○ /vul-mgmt/dashboard
├ ○ /vul-mgmt/hallazgos
├ ○ /vul-mgmt/ingesta
├ ○ /vul-mgmt/mapa
└ ○ /vulns-catalog


ƒ Proxy (Middleware)

○  (Static)   prerendered as static content
ƒ  (Dynamic)  server-rendered on demand

[+] Frontend — HTTPS on port 29904 (all interfaces)...
[+] Next.js production HTTPS on all interfaces (dual-stack):29904
    https://localhost:29904
    https://192.168.0.175:29904
    https://100.107.190.11:29904
    https://10.211.55.2:29904
    https://10.37.129.2:29904
INFO:     127.0.0.1:56185 - "GET /health HTTP/1.1" 200 OK
INFO:     100.113.214.7:0 - "POST /api/v1/auth/login HTTP/1.1" 200 OK
INFO:     100.113.214.7:0 - "GET /api/v1/branding/assets/96f8a280-692c-42a6-a2c0-b198815c1859/logo.jpg HTTP/1.1" 200 OK
INFO:     100.113.214.7:0 - "GET /api/v1/findings/stats/platform HTTP/1.1" 200 OK
INFO:     100.113.214.7:0 - "GET /api/v1/engagements HTTP/1.1" 200 OK
INFO:     100.113.214.7:0 - "GET /api/v1/findings/stats/platform HTTP/1.1" 200 OK
INFO:     100.113.214.7:0 - "GET /api/v1/engagements HTTP/1.1" 200 OK
INFO:     100.113.214.7:0 - "GET /api/v1/engagements HTTP/1.1" 200 OK
INFO:     100.113.214.7:0 - "GET /api/v1/findings?limit=500 HTTP/1.1" 200 OK
INFO:     100.113.214.7:0 - "GET /api/v1/findings?engagement_id=5ba1b20f-0b6d-40b5-ace8-3a1e00f62ed2&limit=500 HTTP/1.1" 200 OK
INFO:     100.113.214.7:0 - "GET /api/v1/compliance/frameworks HTTP/1.1" 200 OK
INFO:     100.113.214.7:0 - "GET /api/v1/compliance/frameworks HTTP/1.1" 200 OK
INFO:     100.113.214.7:0 - "GET /api/v1/compliance/controls?framework=ISO27001 HTTP/1.1" 200 OK
INFO:     100.113.214.7:0 - "GET /api/v1/engagements HTTP/1.1" 200 OK
INFO:     100.113.214.7:0 - "GET /api/v1/findings/stats/platform HTTP/1.1" 200 OK
INFO:     100.113.214.7:0 - "GET /api/v1/engagements HTTP/1.1" 200 OK
INFO:     100.113.214.7:0 - "GET /api/v1/engagements HTTP/1.1" 200 OK
INFO:     100.113.214.7:0 - "GET /api/v1/engagements HTTP/1.1" 200 OK
INFO:     100.113.214.7:0 - "GET /api/v1/assets?source_type=inventory&limit=5000 HTTP/1.1" 200 OK
INFO:     100.113.214.7:0 - "GET /api/v1/assets?source_type=inventory&limit=5000 HTTP/1.1" 200 OK
INFO:     100.113.214.7:0 - "GET /api/v1/findings/stats/platform HTTP/1.1" 200 OK
INFO:     100.113.214.7:0 - "GET /api/v1/findings?limit=500 HTTP/1.1" 200 OK
Error propagating Cyber Note sync to Amatista: TypeError: fetch failed
    at async j (.next/server/chunks/[root-of-the-server]__0ls6imo._.js:1:2870)
    at async l (.next/server/chunks/[root-of-the-server]__0ls6imo._.js:1:7449)
    at async i (.next/server/chunks/[root-of-the-server]__0ls6imo._.js:1:8490)
    at async Module.k [as handler] (.next/server/chunks/[root-of-the-server]__0ls6imo._.js:1:9597) {
  [cause]: Error: connect ECONNREFUSED 127.0.0.1:9090
      at <unknown> (Error: connect ECONNREFUSED 127.0.0.1:9090) {
    errno: -61,
    code: 'ECONNREFUSED',
    syscall: 'connect',
    address: '127.0.0.1',
    port: 9090
  }
}
INFO:     100.113.214.7:0 - "GET /api/v1/branding/tenants/96f8a280-692c-42a6-a2c0-b198815c1859 HTTP/1.1" 200 OK
INFO:     100.113.214.7:0 - "GET /api/v1/admin/tenants HTTP/1.1" 200 OK
[!] Puerto 29914 en uso (backend).
COMMAND   PID      USER   FD   TYPE             DEVICE SIZE/OFF NODE NAME
Python  51017 osvaldohm    4u  IPv4 0xf006bb92127a04b0      0t0  TCP 127.0.0.1:29914 (LISTEN)
Python  51042 osvaldohm    4u  IPv4 0xf006bb92127a04b0      0t0  TCP 127.0.0.1:29914 (LISTEN)
Python  51043 osvaldohm    4u  IPv4 0xf006bb92127a04b0      0t0  TCP 127.0.0.1:29914 (LISTEN)
Python  51044 osvaldohm    4u  IPv4 0xf006bb92127a04b0      0t0  TCP 127.0.0.1:29914 (LISTEN)
Python  51045 osvaldohm    4u  IPv4 0xf006bb92127a04b0      0t0  TCP 127.0.0.1:29914 (LISTEN)
[*] Proceso(s) escuchando:
      51017     1 /Applications/Xcode.app/Contents/Developer/Library/Frameworks/Python3.framework/Versions/3.9/Resources/Python.app/Contents/MacOS/Python /Users/osvaldohm/Desktop/apps/spectre/backend/.venv/bin/uvicorn app.main:app --host 127.0.0.1 --port 29914 --workers 4 --log-level info
      51042 51017 /Applications/Xcode.app/Contents/Developer/Library/Frameworks/Python3.framework/Versions/3.9/Resources/Python.app/Contents/MacOS/Python -c from multiprocessing.spawn import spawn_main; spawn_main(tracker_fd=8, pipe_handle=10) --multiprocessing-fork
      51043 51017 /Applications/Xcode.app/Contents/Developer/Library/Frameworks/Python3.framework/Versions/3.9/Resources/Python.app/Contents/MacOS/Python -c from multiprocessing.spawn import spawn_main; spawn_main(tracker_fd=8, pipe_handle=14) --multiprocessing-fork
      51044 51017 /Applications/Xcode.app/Contents/Developer/Library/Frameworks/Python3.framework/Versions/3.9/Resources/Python.app/Contents/MacOS/Python -c from multiprocessing.spawn import spawn_main; spawn_main(tracker_fd=8, pipe_handle=18) --multiprocessing-fork
      51045 51017 /Applications/Xcode.app/Contents/Developer/Library/Frameworks/Python3.framework/Versions/3.9/Resources/Python.app/Contents/MacOS/Python -c from multiprocessing.spawn import spawn_main; spawn_main(tracker_fd=8, pipe_handle=22) --multiprocessing-fork
    (Parece un servidor Phantom / uvicorn / Next.js anterior.)
[*] PHANTOM_FORCE_PORTS=1 — cerrando sin preguntar.
[*] Terminando PID(s): 51017 51042 51043 51044 51045
[*] Enviando SIGINT/SIGTERM a PIDs: 51017 51042 51043 51044 51045
INFO:     Received SIGTERM, exiting.
INFO:     Terminated child process [51042]
INFO:     Terminated child process [51043]
INFO:     Terminated child process [51044]
INFO:     Terminated child process [51045]
INFO:     Waiting for child process [51042]
INFO:     Shutting down
INFO:     Shutting down
INFO:     Shutting down
INFO:     Shutting down
INFO:     Waiting for application shutdown.
INFO:     Application shutdown complete.
INFO:     Finished server process [51043]
INFO:     Waiting for application shutdown.
INFO:     Application shutdown complete.
INFO:     Finished server process [51042]
INFO:     Waiting for child process [51043]
INFO:     Waiting for child process [51044]
INFO:     Waiting for application shutdown.
INFO:     Application shutdown complete.
INFO:     Finished server process [51044]
INFO:     Waiting for application shutdown.
INFO:     Application shutdown complete.
INFO:     Finished server process [51045]
INFO:     Waiting for child process [51045]
INFO:     Stopping parent process [51017]
[+] Puerto 29914 libre.
[!] Puerto 29904 en uso (frontend).
COMMAND   PID      USER   FD   TYPE             DEVICE SIZE/OFF NODE NAME
node    51111 osvaldohm   19u  IPv6 0x63c8e589a42fa5a9      0t0  TCP *:29904 (LISTEN)
[*] Proceso(s) escuchando:
      51111     1 node server-prod.mjs
    (Parece un servidor Phantom / uvicorn / Next.js anterior.)
[*] PHANTOM_FORCE_PORTS=1 — cerrando sin preguntar.
[*] Terminando PID(s): 51111
[*] Enviando SIGINT/SIGTERM a PIDs: 51111
[+] Puerto 29904 libre.
[+] Backend (FastAPI, 4 workers, HTTP localhost)...
WARNING: You are using pip version 21.2.4; however, version 26.0.1 is available.
You should consider upgrading via the '/Users/osvaldohm/Desktop/apps/spectre/backend/.venv/bin/python3 -m pip install --upgrade pip' command.
[+] Database bootstrap (single process)...
Auth: tenants y usuarios semilla listos.
Database bootstrap complete.
[+] Frontend — building Next.js (production)...
INFO:     Uvicorn running on http://127.0.0.1:29914 (Press CTRL+C to quit)
INFO:     Started parent process [52196]

> spectre@0.1.0 build
> next build

▲ Next.js 16.2.4 (Turbopack)
- Environments: .env.local, .env
- Experiments (use with caution):
  · proxyClientMaxBodySize: "160mb"
  · proxyTimeout: 600000

  Creating an optimized production build ...
/Users/osvaldohm/Desktop/apps/spectre/backend/.venv/lib/python3.9/site-packages/urllib3/__init__.py:35: NotOpenSSLWarning: urllib3 v2 only supports OpenSSL 1.1.1+, currently the 'ssl' module is compiled with 'LibreSSL 2.8.3'. See: https://github.com/urllib3/urllib3/issues/3020
  warnings.warn(
/Users/osvaldohm/Desktop/apps/spectre/backend/.venv/lib/python3.9/site-packages/urllib3/__init__.py:35: NotOpenSSLWarning: urllib3 v2 only supports OpenSSL 1.1.1+, currently the 'ssl' module is compiled with 'LibreSSL 2.8.3'. See: https://github.com/urllib3/urllib3/issues/3020
  warnings.warn(
/Users/osvaldohm/Desktop/apps/spectre/backend/.venv/lib/python3.9/site-packages/urllib3/__init__.py:35: NotOpenSSLWarning: urllib3 v2 only supports OpenSSL 1.1.1+, currently the 'ssl' module is compiled with 'LibreSSL 2.8.3'. See: https://github.com/urllib3/urllib3/issues/3020
  warnings.warn(
/Users/osvaldohm/Desktop/apps/spectre/backend/.venv/lib/python3.9/site-packages/urllib3/__init__.py:35: NotOpenSSLWarning: urllib3 v2 only supports OpenSSL 1.1.1+, currently the 'ssl' module is compiled with 'LibreSSL 2.8.3'. See: https://github.com/urllib3/urllib3/issues/3020
  warnings.warn(
INFO:     Started server process [52208]
INFO:     Waiting for application startup.
INFO:     Started server process [52209]
INFO:     Waiting for application startup.
INFO:     Started server process [52206]
INFO:     Waiting for application startup.
INFO:     Started server process [52207]
INFO:     Waiting for application startup.
ingest worker not started: Redis unavailable at redis://localhost:6379/0 (start redis or set INGEST_WORKER_ENABLED=false)
ingest worker not started: Redis unavailable at redis://localhost:6379/0 (start redis or set INGEST_WORKER_ENABLED=false)
INFO:     Application startup complete.
INFO:     Application startup complete.
ingest worker not started: Redis unavailable at redis://localhost:6379/0 (start redis or set INGEST_WORKER_ENABLED=false)
INFO:     Application startup complete.
ingest worker not started: Redis unavailable at redis://localhost:6379/0 (start redis or set INGEST_WORKER_ENABLED=false)
INFO:     Application startup complete.
✓ Compiled successfully in 9.5s
  Running TypeScript ...
  Finished TypeScript in 11.7s ...
  Collecting page data using 7 workers ...
  Generating static pages using 7 workers (0/50) ...
  Generating static pages using 7 workers (12/50) 
  Generating static pages using 7 workers (24/50) 
  Generating static pages using 7 workers (37/50) 
✓ Generating static pages using 7 workers (50/50) in 595ms
  Finalizing page optimization ...

Route (app)
┌ ○ /
├ ○ /_not-found
├ ○ /admin
├ ○ /agents
├ ƒ /api/ai/analyze-raw-output
├ ƒ /api/ai/explain
├ ƒ /api/ai/generate-target-map
├ ƒ /api/ai/parse-walkthrough
├ ƒ /api/ai/split-findings
├ ƒ /api/ai/suggest
├ ƒ /api/ai/suggest-catalog-locale
├ ƒ /api/ai/suggest-catalog-spanish
├ ƒ /api/ai/suggest-finding
├ ƒ /api/ai/suggest-finding-field
├ ƒ /api/automation/mcp
├ ƒ /api/automation/ssh-run
├ ƒ /api/integration/amatista-config
├ ƒ /api/integration/amatista-webhook
├ ƒ /api/integration/cyber-notes
├ ƒ /api/pruebas-seguridad/suites
├ ƒ /api/secops-health
├ ƒ /api/secops/[...path]
├ ƒ /api/secops/audit-logs
├ ƒ /api/secops/ingest/[...path]
├ ƒ /api/vulnerabilities
├ ƒ /api/vulnerabilities/[id]
├ ƒ /api/vulns-catalog
├ ƒ /api/vulns-catalog/[id]
├ ƒ /api/vulns-catalog/bulk-replace
├ ƒ /api/vulns-catalog/export
├ ƒ /api/vulns-catalog/field-config
├ ƒ /api/vulns-catalog/from-finding
├ ƒ /api/vulns-catalog/import
├ ƒ /api/vulns-catalog/meta
├ ƒ /api/vulns-catalog/repair-encoding
├ ƒ /api/vulns-catalog/truncate-explicacion
├ ○ /assets
├ ○ /canvas
├ ○ /compliance
├ ○ /evaluaciones
├ ○ /evaluaciones-catalogo
├ ○ /ingesta-excel
├ ○ /login
├ ○ /login-client
├ ○ /portal
├ ○ /profile
├ ○ /pruebas-seguridad
├ ○ /pruebas-seguridad-catalogo
├ ○ /reports
├ ○ /sec-services
├ ○ /tools
├ ○ /tools/cyber-notes
├ ○ /tools/exposure
├ ○ /tools/methodologies-phantom
├ ○ /tools/nmap
├ ○ /tools/phantom
├ ○ /vul-catalog
├ ○ /vul-mgmt/admin
├ ○ /vul-mgmt/dashboard
├ ○ /vul-mgmt/hallazgos
├ ○ /vul-mgmt/ingesta
├ ○ /vul-mgmt/mapa
└ ○ /vulns-catalog


ƒ Proxy (Middleware)

○  (Static)   prerendered as static content
ƒ  (Dynamic)  server-rendered on demand

[+] Frontend — HTTPS on port 29904 (all interfaces)...
[+] Next.js production HTTPS on all interfaces (dual-stack):29904
    https://localhost:29904
    https://192.168.0.175:29904
    https://100.107.190.11:29904
    https://10.211.55.2:29904
    https://10.37.129.2:29904
(node:52325) Warning: Setting the NODE_TLS_REJECT_UNAUTHORIZED environment variable to '0' makes TLS connections and HTTPS requests insecure by disabling certificate verification.
(Use `node --trace-warnings ...` to show where the warning was created)
INFO:     100.113.214.7:0 - "GET /api/v1/auth/me HTTP/1.1" 200 OK
INFO:     100.113.214.7:0 - "GET /api/v1/branding/assets/96f8a280-692c-42a6-a2c0-b198815c1859/logo.jpg HTTP/1.1" 200 OK
INFO:     100.113.214.7:0 - "GET /api/v1/admin/tenants HTTP/1.1" 200 OK
INFO:     100.113.214.7:0 - "GET /api/v1/branding/tenants/96f8a280-692c-42a6-a2c0-b198815c1859 HTTP/1.1" 200 OK
INFO:     100.113.214.7:0 - "GET /api/v1/auth/me HTTP/1.1" 200 OK
INFO:     100.113.214.7:0 - "GET /api/v1/branding/assets/96f8a280-692c-42a6-a2c0-b198815c1859/logo.jpg HTTP/1.1" 200 OK
INFO:     100.113.214.7:0 - "GET /api/v1/engagements HTTP/1.1" 200 OK
INFO:     100.113.214.7:0 - "GET /api/v1/findings/stats/platform HTTP/1.1" 200 OK
INFO:     100.113.214.7:0 - "GET /api/v1/engagements HTTP/1.1" 200 OK
INFO:     100.113.214.7:0 - "GET /api/v1/engagements HTTP/1.1" 200 OK
INFO:     100.113.214.7:0 - "GET /api/v1/engagements HTTP/1.1" 200 OK
INFO:     100.113.214.7:0 - "GET /api/v1/findings/stats/platform HTTP/1.1" 200 OK
INFO:     100.113.214.7:0 - "GET /api/v1/engagements HTTP/1.1" 200 OK
INFO:     100.113.214.7:0 - "GET /api/v1/engagements HTTP/1.1" 200 OK
INFO:     100.113.214.7:0 - "GET /api/v1/auth/me HTTP/1.1" 200 OK
INFO:     100.113.214.7:0 - "GET /api/v1/branding/assets/96f8a280-692c-42a6-a2c0-b198815c1859/logo.jpg HTTP/1.1" 200 OK
[!] Puerto 29914 en uso (backend).
COMMAND   PID      USER   FD   TYPE             DEVICE SIZE/OFF NODE NAME
Python  52196 osvaldohm    5u  IPv4 0x7e48cc73cc7d531c      0t0  TCP 127.0.0.1:29914 (LISTEN)
Python  52206 osvaldohm    5u  IPv4 0x7e48cc73cc7d531c      0t0  TCP 127.0.0.1:29914 (LISTEN)
Python  52207 osvaldohm    5u  IPv4 0x7e48cc73cc7d531c      0t0  TCP 127.0.0.1:29914 (LISTEN)
Python  52208 osvaldohm    5u  IPv4 0x7e48cc73cc7d531c      0t0  TCP 127.0.0.1:29914 (LISTEN)
Python  52209 osvaldohm    5u  IPv4 0x7e48cc73cc7d531c      0t0  TCP 127.0.0.1:29914 (LISTEN)
[*] Proceso(s) escuchando:
      52196     1 /Applications/Xcode.app/Contents/Developer/Library/Frameworks/Python3.framework/Versions/3.9/Resources/Python.app/Contents/MacOS/Python /Users/osvaldohm/Desktop/apps/spectre/backend/.venv/bin/uvicorn app.main:app --host 127.0.0.1 --port 29914 --workers 4 --log-level info
      52206 52196 /Applications/Xcode.app/Contents/Developer/Library/Frameworks/Python3.framework/Versions/3.9/Resources/Python.app/Contents/MacOS/Python -c from multiprocessing.spawn import spawn_main; spawn_main(tracker_fd=9, pipe_handle=11) --multiprocessing-fork
      52207 52196 /Applications/Xcode.app/Contents/Developer/Library/Frameworks/Python3.framework/Versions/3.9/Resources/Python.app/Contents/MacOS/Python -c from multiprocessing.spawn import spawn_main; spawn_main(tracker_fd=9, pipe_handle=15) --multiprocessing-fork
      52208 52196 /Applications/Xcode.app/Contents/Developer/Library/Frameworks/Python3.framework/Versions/3.9/Resources/Python.app/Contents/MacOS/Python -c from multiprocessing.spawn import spawn_main; spawn_main(tracker_fd=9, pipe_handle=19) --multiprocessing-fork
      52209 52196 /Applications/Xcode.app/Contents/Developer/Library/Frameworks/Python3.framework/Versions/3.9/Resources/Python.app/Contents/MacOS/Python -c from multiprocessing.spawn import spawn_main; spawn_main(tracker_fd=9, pipe_handle=23) --multiprocessing-fork
    (Parece un servidor Phantom / uvicorn / Next.js anterior.)
[*] PHANTOM_FORCE_PORTS=1 — cerrando sin preguntar.
[*] Terminando PID(s): 52196 52206 52207 52208 52209
[*] Enviando SIGINT/SIGTERM a PIDs: 52196 52206 52207 52208 52209
INFO:     Shutting down
INFO:     Shutting down
INFO:     Shutting down
INFO:     Shutting down
INFO:     Waiting for application shutdown.
INFO:     Waiting for application shutdown.
INFO:     Application shutdown complete.
INFO:     Finished server process [52206]
INFO:     Application shutdown complete.
INFO:     Finished server process [52207]
INFO:     Waiting for application shutdown.
INFO:     Application shutdown complete.
INFO:     Finished server process [52209]
INFO:     Waiting for application shutdown.
INFO:     Application shutdown complete.
INFO:     Finished server process [52208]
INFO:     Received SIGTERM, exiting.
INFO:     Waiting for child process [52206]
INFO:     Waiting for child process [52207]
INFO:     Waiting for child process [52208]
INFO:     Waiting for child process [52209]
INFO:     Stopping parent process [52196]
[+] Puerto 29914 libre.
[!] Puerto 29904 en uso (frontend).
COMMAND   PID      USER   FD   TYPE             DEVICE SIZE/OFF NODE NAME
node    52325 osvaldohm   20u  IPv6 0x48c43cf971a33ba6      0t0  TCP *:29904 (LISTEN)
[*] Proceso(s) escuchando:
      52325     1 node server-prod.mjs
    (Parece un servidor Phantom / uvicorn / Next.js anterior.)
[*] PHANTOM_FORCE_PORTS=1 — cerrando sin preguntar.
[*] Terminando PID(s): 52325
[*] Enviando SIGINT/SIGTERM a PIDs: 52325
[+] Puerto 29904 libre.
[+] Backend (FastAPI, 4 workers, HTTP localhost)...
WARNING: You are using pip version 21.2.4; however, version 26.0.1 is available.
You should consider upgrading via the '/Users/osvaldohm/Desktop/apps/spectre/backend/.venv/bin/python3 -m pip install --upgrade pip' command.
[+] Database bootstrap (single process)...
Auth: tenants y usuarios semilla listos.
Database bootstrap complete.
[+] Frontend — building Next.js (production)...
INFO:     Uvicorn running on http://127.0.0.1:29914 (Press CTRL+C to quit)
INFO:     Started parent process [57012]

> spectre@0.1.0 build
> next build

▲ Next.js 16.2.4 (Turbopack)
- Environments: .env.local, .env
- Experiments (use with caution):
  · proxyClientMaxBodySize: "160mb"
  · proxyTimeout: 600000

  Creating an optimized production build ...
/Users/osvaldohm/Desktop/apps/spectre/backend/.venv/lib/python3.9/site-packages/urllib3/__init__.py:35: NotOpenSSLWarning: urllib3 v2 only supports OpenSSL 1.1.1+, currently the 'ssl' module is compiled with 'LibreSSL 2.8.3'. See: https://github.com/urllib3/urllib3/issues/3020
  warnings.warn(
/Users/osvaldohm/Desktop/apps/spectre/backend/.venv/lib/python3.9/site-packages/urllib3/__init__.py:35: NotOpenSSLWarning: urllib3 v2 only supports OpenSSL 1.1.1+, currently the 'ssl' module is compiled with 'LibreSSL 2.8.3'. See: https://github.com/urllib3/urllib3/issues/3020
  warnings.warn(
/Users/osvaldohm/Desktop/apps/spectre/backend/.venv/lib/python3.9/site-packages/urllib3/__init__.py:35: NotOpenSSLWarning: urllib3 v2 only supports OpenSSL 1.1.1+, currently the 'ssl' module is compiled with 'LibreSSL 2.8.3'. See: https://github.com/urllib3/urllib3/issues/3020
  warnings.warn(
/Users/osvaldohm/Desktop/apps/spectre/backend/.venv/lib/python3.9/site-packages/urllib3/__init__.py:35: NotOpenSSLWarning: urllib3 v2 only supports OpenSSL 1.1.1+, currently the 'ssl' module is compiled with 'LibreSSL 2.8.3'. See: https://github.com/urllib3/urllib3/issues/3020
  warnings.warn(
INFO:     Started server process [57023]
INFO:     Waiting for application startup.
INFO:     Started server process [57025]
INFO:     Waiting for application startup.
INFO:     Started server process [57026]
INFO:     Waiting for application startup.
INFO:     Started server process [57024]
INFO:     Waiting for application startup.
ingest worker not started: Redis unavailable at redis://localhost:6379/0 (start redis or set INGEST_WORKER_ENABLED=false)
INFO:     Application startup complete.
ingest worker not started: Redis unavailable at redis://localhost:6379/0 (start redis or set INGEST_WORKER_ENABLED=false)
INFO:     Application startup complete.
ingest worker not started: Redis unavailable at redis://localhost:6379/0 (start redis or set INGEST_WORKER_ENABLED=false)
INFO:     Application startup complete.
ingest worker not started: Redis unavailable at redis://localhost:6379/0 (start redis or set INGEST_WORKER_ENABLED=false)
INFO:     Application startup complete.
✓ Compiled successfully in 8.8s
  Running TypeScript ...
  Finished TypeScript in 9.9s ...
  Collecting page data using 7 workers ...
  Generating static pages using 7 workers (0/50) ...
  Generating static pages using 7 workers (12/50) 
  Generating static pages using 7 workers (24/50) 
  Generating static pages using 7 workers (37/50) 
✓ Generating static pages using 7 workers (50/50) in 488ms
  Finalizing page optimization ...

Route (app)
┌ ○ /
├ ○ /_not-found
├ ○ /admin
├ ○ /agents
├ ƒ /api/ai/analyze-raw-output
├ ƒ /api/ai/explain
├ ƒ /api/ai/generate-target-map
├ ƒ /api/ai/parse-walkthrough
├ ƒ /api/ai/split-findings
├ ƒ /api/ai/suggest
├ ƒ /api/ai/suggest-catalog-locale
├ ƒ /api/ai/suggest-catalog-spanish
├ ƒ /api/ai/suggest-finding
├ ƒ /api/ai/suggest-finding-field
├ ƒ /api/automation/mcp
├ ƒ /api/automation/ssh-run
├ ƒ /api/integration/amatista-config
├ ƒ /api/integration/amatista-webhook
├ ƒ /api/integration/cyber-notes
├ ƒ /api/pruebas-seguridad/suites
├ ƒ /api/secops-health
├ ƒ /api/secops/[...path]
├ ƒ /api/secops/audit-logs
├ ƒ /api/secops/ingest/[...path]
├ ƒ /api/vulnerabilities
├ ƒ /api/vulnerabilities/[id]
├ ƒ /api/vulns-catalog
├ ƒ /api/vulns-catalog/[id]
├ ƒ /api/vulns-catalog/bulk-replace
├ ƒ /api/vulns-catalog/export
├ ƒ /api/vulns-catalog/field-config
├ ƒ /api/vulns-catalog/from-finding
├ ƒ /api/vulns-catalog/import
├ ƒ /api/vulns-catalog/meta
├ ƒ /api/vulns-catalog/repair-encoding
├ ƒ /api/vulns-catalog/truncate-explicacion
├ ○ /assets
├ ○ /canvas
├ ○ /compliance
├ ○ /evaluaciones
├ ○ /evaluaciones-catalogo
├ ○ /ingesta-excel
├ ○ /login
├ ○ /login-client
├ ○ /portal
├ ○ /profile
├ ○ /pruebas-seguridad
├ ○ /pruebas-seguridad-catalogo
├ ○ /reports
├ ○ /sec-services
├ ○ /tools
├ ○ /tools/cyber-notes
├ ○ /tools/exposure
├ ○ /tools/methodologies-phantom
├ ○ /tools/nmap
├ ○ /tools/phantom
├ ○ /vul-catalog
├ ○ /vul-mgmt/admin
├ ○ /vul-mgmt/dashboard
├ ○ /vul-mgmt/hallazgos
├ ○ /vul-mgmt/ingesta
├ ○ /vul-mgmt/mapa
└ ○ /vulns-catalog


ƒ Proxy (Middleware)

○  (Static)   prerendered as static content
ƒ  (Dynamic)  server-rendered on demand

[+] Frontend — HTTPS on port 29904 (all interfaces)...
[+] Next.js production HTTPS on all interfaces (dual-stack):29904
    https://localhost:29904
    https://192.168.0.175:29904
    https://100.107.190.11:29904
    https://10.211.55.2:29904
    https://10.37.129.2:29904
(node:57160) Warning: Setting the NODE_TLS_REJECT_UNAUTHORIZED environment variable to '0' makes TLS connections and HTTPS requests insecure by disabling certificate verification.
(Use `node --trace-warnings ...` to show where the warning was created)
INFO:     100.113.214.7:0 - "GET /api/v1/auth/me HTTP/1.1" 200 OK
INFO:     100.113.214.7:0 - "GET /api/v1/branding/assets/96f8a280-692c-42a6-a2c0-b198815c1859/logo.jpg HTTP/1.1" 200 OK
[!] Puerto 29914 en uso (backend).
COMMAND   PID      USER   FD   TYPE             DEVICE SIZE/OFF NODE NAME
Python  57012 osvaldohm    4u  IPv4 0x6ad466225c4545cc      0t0  TCP 127.0.0.1:29914 (LISTEN)
Python  57023 osvaldohm    4u  IPv4 0x6ad466225c4545cc      0t0  TCP 127.0.0.1:29914 (LISTEN)
Python  57024 osvaldohm    4u  IPv4 0x6ad466225c4545cc      0t0  TCP 127.0.0.1:29914 (LISTEN)
Python  57025 osvaldohm    4u  IPv4 0x6ad466225c4545cc      0t0  TCP 127.0.0.1:29914 (LISTEN)
Python  57026 osvaldohm    4u  IPv4 0x6ad466225c4545cc      0t0  TCP 127.0.0.1:29914 (LISTEN)
[*] Proceso(s) escuchando:
      57012     1 /Applications/Xcode.app/Contents/Developer/Library/Frameworks/Python3.framework/Versions/3.9/Resources/Python.app/Contents/MacOS/Python /Users/osvaldohm/Desktop/apps/spectre/backend/.venv/bin/uvicorn app.main:app --host 127.0.0.1 --port 29914 --workers 4 --log-level info
      57023 57012 /Applications/Xcode.app/Contents/Developer/Library/Frameworks/Python3.framework/Versions/3.9/Resources/Python.app/Contents/MacOS/Python -c from multiprocessing.spawn import spawn_main; spawn_main(tracker_fd=8, pipe_handle=10) --multiprocessing-fork
      57024 57012 /Applications/Xcode.app/Contents/Developer/Library/Frameworks/Python3.framework/Versions/3.9/Resources/Python.app/Contents/MacOS/Python -c from multiprocessing.spawn import spawn_main; spawn_main(tracker_fd=8, pipe_handle=14) --multiprocessing-fork
      57025 57012 /Applications/Xcode.app/Contents/Developer/Library/Frameworks/Python3.framework/Versions/3.9/Resources/Python.app/Contents/MacOS/Python -c from multiprocessing.spawn import spawn_main; spawn_main(tracker_fd=8, pipe_handle=18) --multiprocessing-fork
      57026 57012 /Applications/Xcode.app/Contents/Developer/Library/Frameworks/Python3.framework/Versions/3.9/Resources/Python.app/Contents/MacOS/Python -c from multiprocessing.spawn import spawn_main; spawn_main(tracker_fd=8, pipe_handle=22) --multiprocessing-fork
    (Parece un servidor Phantom / uvicorn / Next.js anterior.)
[*] PHANTOM_FORCE_PORTS=1 — cerrando sin preguntar.
[*] Terminando PID(s): 57012 57023 57024 57025 57026
[*] Enviando SIGINT/SIGTERM a PIDs: 57012 57023 57024 57025 57026
INFO:     Shutting down
INFO:     Shutting down
INFO:     Shutting down
INFO:     Shutting down
INFO:     Waiting for application shutdown.
INFO:     Application shutdown complete.
INFO:     Finished server process [57023]
INFO:     Waiting for application shutdown.
INFO:     Application shutdown complete.
INFO:     Finished server process [57025]
INFO:     Waiting for application shutdown.
INFO:     Application shutdown complete.
INFO:     Finished server process [57026]
INFO:     Waiting for application shutdown.
INFO:     Application shutdown complete.
INFO:     Finished server process [57024]
INFO:     Received SIGTERM, exiting.
INFO:     Waiting for child process [57023]
INFO:     Waiting for child process [57024]
INFO:     Waiting for child process [57025]
INFO:     Waiting for child process [57026]
INFO:     Stopping parent process [57012]
[+] Puerto 29914 libre.
[!] Puerto 29904 en uso (frontend).
COMMAND   PID      USER   FD   TYPE             DEVICE SIZE/OFF NODE NAME
node    57160 osvaldohm   19u  IPv6 0xec031f957331e253      0t0  TCP *:29904 (LISTEN)
[*] Proceso(s) escuchando:
      57160     1 node server-prod.mjs
    (Parece un servidor Phantom / uvicorn / Next.js anterior.)
[*] PHANTOM_FORCE_PORTS=1 — cerrando sin preguntar.
[*] Terminando PID(s): 57160
[*] Enviando SIGINT/SIGTERM a PIDs: 57160
[+] Puerto 29904 libre.
[+] Backend (FastAPI, 4 workers, HTTP localhost)...
WARNING: You are using pip version 21.2.4; however, version 26.0.1 is available.
You should consider upgrading via the '/Users/osvaldohm/Desktop/apps/spectre/backend/.venv/bin/python3 -m pip install --upgrade pip' command.
[+] Database bootstrap (single process)...
Auth: tenants y usuarios semilla listos.
Database bootstrap complete.
[+] Frontend — building Next.js (production)...
INFO:     Uvicorn running on http://127.0.0.1:29914 (Press CTRL+C to quit)
INFO:     Started parent process [60721]

> spectre@0.1.0 build
> next build

▲ Next.js 16.2.4 (Turbopack)
- Environments: .env.local, .env
- Experiments (use with caution):
  · proxyClientMaxBodySize: "160mb"
  · proxyTimeout: 600000

  Creating an optimized production build ...
/Users/osvaldohm/Desktop/apps/spectre/backend/.venv/lib/python3.9/site-packages/urllib3/__init__.py:35: NotOpenSSLWarning: urllib3 v2 only supports OpenSSL 1.1.1+, currently the 'ssl' module is compiled with 'LibreSSL 2.8.3'. See: https://github.com/urllib3/urllib3/issues/3020
  warnings.warn(
/Users/osvaldohm/Desktop/apps/spectre/backend/.venv/lib/python3.9/site-packages/urllib3/__init__.py:35: NotOpenSSLWarning: urllib3 v2 only supports OpenSSL 1.1.1+, currently the 'ssl' module is compiled with 'LibreSSL 2.8.3'. See: https://github.com/urllib3/urllib3/issues/3020
  warnings.warn(
/Users/osvaldohm/Desktop/apps/spectre/backend/.venv/lib/python3.9/site-packages/urllib3/__init__.py:35: NotOpenSSLWarning: urllib3 v2 only supports OpenSSL 1.1.1+, currently the 'ssl' module is compiled with 'LibreSSL 2.8.3'. See: https://github.com/urllib3/urllib3/issues/3020
  warnings.warn(
/Users/osvaldohm/Desktop/apps/spectre/backend/.venv/lib/python3.9/site-packages/urllib3/__init__.py:35: NotOpenSSLWarning: urllib3 v2 only supports OpenSSL 1.1.1+, currently the 'ssl' module is compiled with 'LibreSSL 2.8.3'. See: https://github.com/urllib3/urllib3/issues/3020
  warnings.warn(
INFO:     Started server process [60753]
INFO:     Waiting for application startup.
INFO:     Started server process [60730]
INFO:     Waiting for application startup.
INFO:     Started server process [60750]
INFO:     Waiting for application startup.
INFO:     Started server process [60754]
INFO:     Waiting for application startup.
ingest worker not started: Redis unavailable at redis://localhost:6379/0 (start redis or set INGEST_WORKER_ENABLED=false)
ingest worker not started: Redis unavailable at redis://localhost:6379/0 (start redis or set INGEST_WORKER_ENABLED=false)
INFO:     Application startup complete.
INFO:     Application startup complete.
ingest worker not started: Redis unavailable at redis://localhost:6379/0 (start redis or set INGEST_WORKER_ENABLED=false)
INFO:     Application startup complete.
ingest worker not started: Redis unavailable at redis://localhost:6379/0 (start redis or set INGEST_WORKER_ENABLED=false)
INFO:     Application startup complete.
✓ Compiled successfully in 7.1s
  Running TypeScript ...
  Finished TypeScript in 9.7s ...
  Collecting page data using 7 workers ...
  Generating static pages using 7 workers (0/50) ...
  Generating static pages using 7 workers (12/50) 
  Generating static pages using 7 workers (24/50) 
  Generating static pages using 7 workers (37/50) 
✓ Generating static pages using 7 workers (50/50) in 534ms
  Finalizing page optimization ...

Route (app)
┌ ○ /
├ ○ /_not-found
├ ○ /admin
├ ○ /agents
├ ƒ /api/ai/analyze-raw-output
├ ƒ /api/ai/explain
├ ƒ /api/ai/generate-target-map
├ ƒ /api/ai/parse-walkthrough
├ ƒ /api/ai/split-findings
├ ƒ /api/ai/suggest
├ ƒ /api/ai/suggest-catalog-locale
├ ƒ /api/ai/suggest-catalog-spanish
├ ƒ /api/ai/suggest-finding
├ ƒ /api/ai/suggest-finding-field
├ ƒ /api/automation/mcp
├ ƒ /api/automation/ssh-run
├ ƒ /api/integration/amatista-config
├ ƒ /api/integration/amatista-webhook
├ ƒ /api/integration/cyber-notes
├ ƒ /api/pruebas-seguridad/suites
├ ƒ /api/secops-health
├ ƒ /api/secops/[...path]
├ ƒ /api/secops/audit-logs
├ ƒ /api/secops/ingest/[...path]
├ ƒ /api/vulnerabilities
├ ƒ /api/vulnerabilities/[id]
├ ƒ /api/vulns-catalog
├ ƒ /api/vulns-catalog/[id]
├ ƒ /api/vulns-catalog/bulk-replace
├ ƒ /api/vulns-catalog/export
├ ƒ /api/vulns-catalog/field-config
├ ƒ /api/vulns-catalog/from-finding
├ ƒ /api/vulns-catalog/import
├ ƒ /api/vulns-catalog/meta
├ ƒ /api/vulns-catalog/repair-encoding
├ ƒ /api/vulns-catalog/truncate-explicacion
├ ○ /assets
├ ○ /canvas
├ ○ /compliance
├ ○ /evaluaciones
├ ○ /evaluaciones-catalogo
├ ○ /ingesta-excel
├ ○ /login
├ ○ /login-client
├ ○ /portal
├ ○ /profile
├ ○ /pruebas-seguridad
├ ○ /pruebas-seguridad-catalogo
├ ○ /reports
├ ○ /sec-services
├ ○ /tools
├ ○ /tools/cyber-notes
├ ○ /tools/exposure
├ ○ /tools/methodologies-phantom
├ ○ /tools/nmap
├ ○ /tools/phantom
├ ○ /vul-catalog
├ ○ /vul-mgmt/admin
├ ○ /vul-mgmt/dashboard
├ ○ /vul-mgmt/hallazgos
├ ○ /vul-mgmt/ingesta
├ ○ /vul-mgmt/mapa
└ ○ /vulns-catalog


ƒ Proxy (Middleware)

○  (Static)   prerendered as static content
ƒ  (Dynamic)  server-rendered on demand

[+] Frontend — HTTPS on port 29904 (all interfaces)...
[+] Next.js production HTTPS on all interfaces (dual-stack):29904
    https://localhost:29904
    https://192.168.0.175:29904
    https://100.107.190.11:29904
    https://10.211.55.2:29904
    https://10.37.129.2:29904
(node:60848) Warning: Setting the NODE_TLS_REJECT_UNAUTHORIZED environment variable to '0' makes TLS connections and HTTPS requests insecure by disabling certificate verification.
(Use `node --trace-warnings ...` to show where the warning was created)
INFO:     100.113.214.7:0 - "GET /api/v1/auth/me HTTP/1.1" 200 OK
INFO:     100.113.214.7:0 - "GET /api/v1/branding/assets/96f8a280-692c-42a6-a2c0-b198815c1859/logo.jpg HTTP/1.1" 200 OK
INFO:     100.113.214.7:0 - "GET /api/v1/auth/me HTTP/1.1" 401 Unauthorized
INFO:     100.113.214.7:0 - "POST /api/v1/auth/login HTTP/1.1" 200 OK
INFO:     100.113.214.7:0 - "GET /api/v1/branding/assets/96f8a280-692c-42a6-a2c0-b198815c1859/logo.jpg HTTP/1.1" 200 OK
INFO:     100.113.214.7:0 - "GET /api/v1/findings/stats/platform HTTP/1.1" 200 OK
INFO:     100.113.214.7:0 - "GET /api/v1/engagements HTTP/1.1" 200 OK
INFO:     100.113.214.7:0 - "GET /api/v1/findings/stats/platform HTTP/1.1" 200 OK
INFO:     100.113.214.7:0 - "GET /api/v1/findings?limit=500 HTTP/1.1" 200 OK
[!] Puerto 29914 en uso (backend).
COMMAND   PID      USER   FD   TYPE             DEVICE SIZE/OFF NODE NAME
Python  60721 osvaldohm    4u  IPv4 0x48c43cf971a33ba6      0t0  TCP 127.0.0.1:29914 (LISTEN)
Python  60730 osvaldohm    4u  IPv4 0x48c43cf971a33ba6      0t0  TCP 127.0.0.1:29914 (LISTEN)
Python  60750 osvaldohm    4u  IPv4 0x48c43cf971a33ba6      0t0  TCP 127.0.0.1:29914 (LISTEN)
Python  60753 osvaldohm    4u  IPv4 0x48c43cf971a33ba6      0t0  TCP 127.0.0.1:29914 (LISTEN)
Python  60754 osvaldohm    4u  IPv4 0x48c43cf971a33ba6      0t0  TCP 127.0.0.1:29914 (LISTEN)
[*] Proceso(s) escuchando:
      60721     1 /Applications/Xcode.app/Contents/Developer/Library/Frameworks/Python3.framework/Versions/3.9/Resources/Python.app/Contents/MacOS/Python /Users/osvaldohm/Desktop/apps/spectre/backend/.venv/bin/uvicorn app.main:app --host 127.0.0.1 --port 29914 --workers 4 --log-level info
      60730 60721 /Applications/Xcode.app/Contents/Developer/Library/Frameworks/Python3.framework/Versions/3.9/Resources/Python.app/Contents/MacOS/Python -c from multiprocessing.spawn import spawn_main; spawn_main(tracker_fd=8, pipe_handle=10) --multiprocessing-fork
      60750 60721 /Applications/Xcode.app/Contents/Developer/Library/Frameworks/Python3.framework/Versions/3.9/Resources/Python.app/Contents/MacOS/Python -c from multiprocessing.spawn import spawn_main; spawn_main(tracker_fd=8, pipe_handle=14) --multiprocessing-fork
      60753 60721 /Applications/Xcode.app/Contents/Developer/Library/Frameworks/Python3.framework/Versions/3.9/Resources/Python.app/Contents/MacOS/Python -c from multiprocessing.spawn import spawn_main; spawn_main(tracker_fd=8, pipe_handle=18) --multiprocessing-fork
      60754 60721 /Applications/Xcode.app/Contents/Developer/Library/Frameworks/Python3.framework/Versions/3.9/Resources/Python.app/Contents/MacOS/Python -c from multiprocessing.spawn import spawn_main; spawn_main(tracker_fd=8, pipe_handle=22) --multiprocessing-fork
    (Parece un servidor Phantom / uvicorn / Next.js anterior.)
[*] PHANTOM_FORCE_PORTS=1 — cerrando sin preguntar.
[*] Terminando PID(s): 60721 60730 60750 60753 60754
[*] Enviando SIGINT/SIGTERM a PIDs: 60721 60730 60750 60753 60754
INFO:     Shutting down
INFO:     Shutting down
INFO:     Shutting down
INFO:     Shutting down
INFO:     Waiting for application shutdown.
INFO:     Waiting for application shutdown.
INFO:     Waiting for application shutdown.
INFO:     Application shutdown complete.
INFO:     Finished server process [60730]
INFO:     Application shutdown complete.
INFO:     Application shutdown complete.
INFO:     Finished server process [60753]
INFO:     Finished server process [60754]
INFO:     Received SIGTERM, exiting.
INFO:     Terminated child process [60750]
INFO:     Terminated child process [60754]
INFO:     Waiting for child process [60730]
INFO:     Waiting for application shutdown.
INFO:     Waiting for child process [60750]
INFO:     Application shutdown complete.
INFO:     Finished server process [60750]
INFO:     Waiting for child process [60753]
INFO:     Waiting for child process [60754]
INFO:     Stopping parent process [60721]
[+] Puerto 29914 libre.
[!] Puerto 29904 en uso (frontend).
COMMAND   PID      USER   FD   TYPE             DEVICE SIZE/OFF NODE NAME
node    60848 osvaldohm   19u  IPv6 0x50d9e30b1106cd0b      0t0  TCP *:29904 (LISTEN)
[*] Proceso(s) escuchando:
      60848     1 node server-prod.mjs
    (Parece un servidor Phantom / uvicorn / Next.js anterior.)
[*] PHANTOM_FORCE_PORTS=1 — cerrando sin preguntar.
[*] Terminando PID(s): 60848
[*] Enviando SIGINT/SIGTERM a PIDs: 60848
[+] Puerto 29904 libre.
[+] Backend (FastAPI, 4 workers, HTTP localhost)...
WARNING: You are using pip version 21.2.4; however, version 26.0.1 is available.
You should consider upgrading via the '/Users/osvaldohm/Desktop/apps/spectre/backend/.venv/bin/python3 -m pip install --upgrade pip' command.
[+] Database bootstrap (single process)...
Auth: tenants y usuarios semilla listos.
Database bootstrap complete.
[+] Frontend — building Next.js (production)...
INFO:     Uvicorn running on http://127.0.0.1:29914 (Press CTRL+C to quit)
INFO:     Started parent process [57776]

> spectre@0.1.0 build
> next build

▲ Next.js 16.2.4 (Turbopack)
- Environments: .env.local, .env
- Experiments (use with caution):
  · proxyClientMaxBodySize: "160mb"
  · proxyTimeout: 600000

  Creating an optimized production build ...
/Users/osvaldohm/Desktop/apps/spectre/backend/.venv/lib/python3.9/site-packages/urllib3/__init__.py:35: NotOpenSSLWarning: urllib3 v2 only supports OpenSSL 1.1.1+, currently the 'ssl' module is compiled with 'LibreSSL 2.8.3'. See: https://github.com/urllib3/urllib3/issues/3020
  warnings.warn(
/Users/osvaldohm/Desktop/apps/spectre/backend/.venv/lib/python3.9/site-packages/urllib3/__init__.py:35: NotOpenSSLWarning: urllib3 v2 only supports OpenSSL 1.1.1+, currently the 'ssl' module is compiled with 'LibreSSL 2.8.3'. See: https://github.com/urllib3/urllib3/issues/3020
  warnings.warn(
/Users/osvaldohm/Desktop/apps/spectre/backend/.venv/lib/python3.9/site-packages/urllib3/__init__.py:35: NotOpenSSLWarning: urllib3 v2 only supports OpenSSL 1.1.1+, currently the 'ssl' module is compiled with 'LibreSSL 2.8.3'. See: https://github.com/urllib3/urllib3/issues/3020
  warnings.warn(
/Users/osvaldohm/Desktop/apps/spectre/backend/.venv/lib/python3.9/site-packages/urllib3/__init__.py:35: NotOpenSSLWarning: urllib3 v2 only supports OpenSSL 1.1.1+, currently the 'ssl' module is compiled with 'LibreSSL 2.8.3'. See: https://github.com/urllib3/urllib3/issues/3020
  warnings.warn(
INFO:     Started server process [57804]
INFO:     Waiting for application startup.
INFO:     Started server process [57798]
INFO:     Waiting for application startup.
INFO:     Started server process [57803]
INFO:     Waiting for application startup.
INFO:     Started server process [57802]
INFO:     Waiting for application startup.
ingest worker not started: Redis unavailable at redis://localhost:6379/0 (start redis or set INGEST_WORKER_ENABLED=false)
INFO:     Application startup complete.
ingest worker not started: Redis unavailable at redis://localhost:6379/0 (start redis or set INGEST_WORKER_ENABLED=false)
INFO:     Application startup complete.
ingest worker not started: Redis unavailable at redis://localhost:6379/0 (start redis or set INGEST_WORKER_ENABLED=false)
INFO:     Application startup complete.
ingest worker not started: Redis unavailable at redis://localhost:6379/0 (start redis or set INGEST_WORKER_ENABLED=false)
INFO:     Application startup complete.
✓ Compiled successfully in 8.2s
  Running TypeScript ...
  Finished TypeScript in 10.7s ...
  Collecting page data using 7 workers ...
  Generating static pages using 7 workers (0/50) ...
  Generating static pages using 7 workers (12/50) 
  Generating static pages using 7 workers (24/50) 
  Generating static pages using 7 workers (37/50) 
✓ Generating static pages using 7 workers (50/50) in 509ms
  Finalizing page optimization ...

Route (app)
┌ ○ /
├ ○ /_not-found
├ ○ /admin
├ ○ /agents
├ ƒ /api/ai/analyze-raw-output
├ ƒ /api/ai/explain
├ ƒ /api/ai/generate-target-map
├ ƒ /api/ai/parse-walkthrough
├ ƒ /api/ai/split-findings
├ ƒ /api/ai/suggest
├ ƒ /api/ai/suggest-catalog-locale
├ ƒ /api/ai/suggest-catalog-spanish
├ ƒ /api/ai/suggest-finding
├ ƒ /api/ai/suggest-finding-field
├ ƒ /api/automation/mcp
├ ƒ /api/automation/ssh-run
├ ƒ /api/integration/amatista-config
├ ƒ /api/integration/amatista-webhook
├ ƒ /api/integration/cyber-notes
├ ƒ /api/pruebas-seguridad/suites
├ ƒ /api/secops-health
├ ƒ /api/secops/[...path]
├ ƒ /api/secops/audit-logs
├ ƒ /api/secops/ingest/[...path]
├ ƒ /api/vulnerabilities
├ ƒ /api/vulnerabilities/[id]
├ ƒ /api/vulns-catalog
├ ƒ /api/vulns-catalog/[id]
├ ƒ /api/vulns-catalog/bulk-replace
├ ƒ /api/vulns-catalog/export
├ ƒ /api/vulns-catalog/field-config
├ ƒ /api/vulns-catalog/from-finding
├ ƒ /api/vulns-catalog/import
├ ƒ /api/vulns-catalog/meta
├ ƒ /api/vulns-catalog/repair-encoding
├ ƒ /api/vulns-catalog/truncate-explicacion
├ ○ /assets
├ ○ /canvas
├ ○ /compliance
├ ○ /evaluaciones
├ ○ /evaluaciones-catalogo
├ ○ /ingesta-excel
├ ○ /login
├ ○ /login-client
├ ○ /portal
├ ○ /profile
├ ○ /pruebas-seguridad
├ ○ /pruebas-seguridad-catalogo
├ ○ /reports
├ ○ /sec-services
├ ○ /tools
├ ○ /tools/cyber-notes
├ ○ /tools/exposure
├ ○ /tools/methodologies-phantom
├ ○ /tools/nmap
├ ○ /tools/phantom
├ ○ /vul-catalog
├ ○ /vul-mgmt/admin
├ ○ /vul-mgmt/dashboard
├ ○ /vul-mgmt/hallazgos
├ ○ /vul-mgmt/ingesta
├ ○ /vul-mgmt/mapa
├ ƒ /vulnerability/[id]
└ ○ /vulns-catalog


ƒ Proxy (Middleware)

○  (Static)   prerendered as static content
ƒ  (Dynamic)  server-rendered on demand

[+] Frontend — HTTPS on port 29904 (all interfaces)...
[+] Next.js production HTTPS on all interfaces (dual-stack):29904
    https://localhost:29904
    https://192.168.0.175:29904
    https://100.107.190.11:29904
    https://10.211.55.2:29904
    https://10.37.129.2:29904
INFO:     100.113.214.7:0 - "GET /api/v1/auth/me HTTP/1.1" 200 OK
INFO:     100.113.214.7:0 - "GET /api/v1/branding/assets/96f8a280-692c-42a6-a2c0-b198815c1859/logo.jpg HTTP/1.1" 200 OK
INFO:     100.113.214.7:0 - "GET /api/v1/auth/me HTTP/1.1" 200 OK
INFO:     100.113.214.7:0 - "GET /api/v1/auth/me HTTP/1.1" 200 OK
[!] Puerto 29914 en uso (backend).
COMMAND   PID      USER   FD   TYPE             DEVICE SIZE/OFF NODE NAME
Python  57776 osvaldohm    4u  IPv4 0x17cf6cb8c07ebe14      0t0  TCP 127.0.0.1:29914 (LISTEN)
Python  57798 osvaldohm    4u  IPv4 0x17cf6cb8c07ebe14      0t0  TCP 127.0.0.1:29914 (LISTEN)
Python  57802 osvaldohm    4u  IPv4 0x17cf6cb8c07ebe14      0t0  TCP 127.0.0.1:29914 (LISTEN)
Python  57803 osvaldohm    4u  IPv4 0x17cf6cb8c07ebe14      0t0  TCP 127.0.0.1:29914 (LISTEN)
Python  57804 osvaldohm    4u  IPv4 0x17cf6cb8c07ebe14      0t0  TCP 127.0.0.1:29914 (LISTEN)
[*] Proceso(s) escuchando:
      57776     1 /Applications/Xcode.app/Contents/Developer/Library/Frameworks/Python3.framework/Versions/3.9/Resources/Python.app/Contents/MacOS/Python /Users/osvaldohm/Desktop/apps/spectre/backend/.venv/bin/uvicorn app.main:app --host 127.0.0.1 --port 29914 --workers 4 --log-level info
      57798 57776 /Applications/Xcode.app/Contents/Developer/Library/Frameworks/Python3.framework/Versions/3.9/Resources/Python.app/Contents/MacOS/Python -c from multiprocessing.spawn import spawn_main; spawn_main(tracker_fd=8, pipe_handle=10) --multiprocessing-fork
      57802 57776 /Applications/Xcode.app/Contents/Developer/Library/Frameworks/Python3.framework/Versions/3.9/Resources/Python.app/Contents/MacOS/Python -c from multiprocessing.spawn import spawn_main; spawn_main(tracker_fd=8, pipe_handle=14) --multiprocessing-fork
      57803 57776 /Applications/Xcode.app/Contents/Developer/Library/Frameworks/Python3.framework/Versions/3.9/Resources/Python.app/Contents/MacOS/Python -c from multiprocessing.spawn import spawn_main; spawn_main(tracker_fd=8, pipe_handle=18) --multiprocessing-fork
      57804 57776 /Applications/Xcode.app/Contents/Developer/Library/Frameworks/Python3.framework/Versions/3.9/Resources/Python.app/Contents/MacOS/Python -c from multiprocessing.spawn import spawn_main; spawn_main(tracker_fd=8, pipe_handle=22) --multiprocessing-fork
    (Parece un servidor Phantom / uvicorn / Next.js anterior.)
[*] PHANTOM_FORCE_PORTS=1 — cerrando sin preguntar.
[*] Terminando PID(s): 57776 57798 57802 57803 57804
[*] Enviando SIGINT/SIGTERM a PIDs: 57776 57798 57802 57803 57804
INFO:     Shutting down
INFO:     Shutting down
INFO:     Shutting down
INFO:     Shutting down
INFO:     Waiting for application shutdown.
INFO:     Waiting for application shutdown.
INFO:     Application shutdown complete.
INFO:     Application shutdown complete.
INFO:     Finished server process [57803]
INFO:     Finished server process [57798]
INFO:     Waiting for application shutdown.
INFO:     Waiting for application shutdown.
INFO:     Application shutdown complete.
INFO:     Application shutdown complete.
INFO:     Finished server process [57802]
INFO:     Finished server process [57804]
INFO:     Received SIGTERM, exiting.
INFO:     Waiting for child process [57798]
INFO:     Waiting for child process [57802]
INFO:     Waiting for child process [57803]
INFO:     Waiting for child process [57804]
INFO:     Stopping parent process [57776]
[+] Puerto 29914 libre.
[!] Puerto 29904 en uso (frontend).
COMMAND   PID      USER   FD   TYPE             DEVICE SIZE/OFF NODE NAME
node    57917 osvaldohm   19u  IPv6 0x667c47125e9d062b      0t0  TCP *:29904 (LISTEN)
[*] Proceso(s) escuchando:
      57917     1 node server-prod.mjs
    (Parece un servidor Phantom / uvicorn / Next.js anterior.)
[*] PHANTOM_FORCE_PORTS=1 — cerrando sin preguntar.
[*] Terminando PID(s): 57917
[*] Enviando SIGINT/SIGTERM a PIDs: 57917
[+] Puerto 29904 libre.
[+] Backend (FastAPI, 4 workers, HTTP localhost)...
WARNING: You are using pip version 21.2.4; however, version 26.0.1 is available.
You should consider upgrading via the '/Users/osvaldohm/Desktop/apps/spectre/backend/.venv/bin/python3 -m pip install --upgrade pip' command.
[+] Database bootstrap (single process)...
Auth: tenants y usuarios semilla listos.
Database bootstrap complete.
[+] Frontend — building Next.js (production)...
INFO:     Uvicorn running on http://127.0.0.1:29914 (Press CTRL+C to quit)
INFO:     Started parent process [59902]

> spectre@0.1.0 build
> next build

▲ Next.js 16.2.4 (Turbopack)
- Environments: .env.local, .env
- Experiments (use with caution):
  · proxyClientMaxBodySize: "160mb"
  · proxyTimeout: 600000

  Creating an optimized production build ...
/Users/osvaldohm/Desktop/apps/spectre/backend/.venv/lib/python3.9/site-packages/urllib3/__init__.py:35: NotOpenSSLWarning: urllib3 v2 only supports OpenSSL 1.1.1+, currently the 'ssl' module is compiled with 'LibreSSL 2.8.3'. See: https://github.com/urllib3/urllib3/issues/3020
  warnings.warn(
/Users/osvaldohm/Desktop/apps/spectre/backend/.venv/lib/python3.9/site-packages/urllib3/__init__.py:35: NotOpenSSLWarning: urllib3 v2 only supports OpenSSL 1.1.1+, currently the 'ssl' module is compiled with 'LibreSSL 2.8.3'. See: https://github.com/urllib3/urllib3/issues/3020
  warnings.warn(
/Users/osvaldohm/Desktop/apps/spectre/backend/.venv/lib/python3.9/site-packages/urllib3/__init__.py:35: NotOpenSSLWarning: urllib3 v2 only supports OpenSSL 1.1.1+, currently the 'ssl' module is compiled with 'LibreSSL 2.8.3'. See: https://github.com/urllib3/urllib3/issues/3020
  warnings.warn(
/Users/osvaldohm/Desktop/apps/spectre/backend/.venv/lib/python3.9/site-packages/urllib3/__init__.py:35: NotOpenSSLWarning: urllib3 v2 only supports OpenSSL 1.1.1+, currently the 'ssl' module is compiled with 'LibreSSL 2.8.3'. See: https://github.com/urllib3/urllib3/issues/3020
  warnings.warn(
INFO:     Started server process [59933]
INFO:     Waiting for application startup.
INFO:     Started server process [59908]
INFO:     Waiting for application startup.
INFO:     Started server process [59910]
INFO:     Waiting for application startup.
INFO:     Started server process [59934]
INFO:     Waiting for application startup.
ingest worker not started: Redis unavailable at redis://localhost:6379/0 (start redis or set INGEST_WORKER_ENABLED=false)
INFO:     Application startup complete.
ingest worker not started: Redis unavailable at redis://localhost:6379/0 (start redis or set INGEST_WORKER_ENABLED=false)
INFO:     Application startup complete.
ingest worker not started: Redis unavailable at redis://localhost:6379/0 (start redis or set INGEST_WORKER_ENABLED=false)
INFO:     Application startup complete.
ingest worker not started: Redis unavailable at redis://localhost:6379/0 (start redis or set INGEST_WORKER_ENABLED=false)
INFO:     Application startup complete.
✓ Compiled successfully in 9.1s
  Running TypeScript ...
  Finished TypeScript in 11.1s ...
  Collecting page data using 7 workers ...
  Generating static pages using 7 workers (0/50) ...
  Generating static pages using 7 workers (12/50) 
  Generating static pages using 7 workers (24/50) 
  Generating static pages using 7 workers (37/50) 
✓ Generating static pages using 7 workers (50/50) in 551ms
  Finalizing page optimization ...

Route (app)
┌ ○ /
├ ○ /_not-found
├ ○ /admin
├ ○ /agents
├ ƒ /api/ai/analyze-raw-output
├ ƒ /api/ai/explain
├ ƒ /api/ai/generate-target-map
├ ƒ /api/ai/parse-walkthrough
├ ƒ /api/ai/split-findings
├ ƒ /api/ai/suggest
├ ƒ /api/ai/suggest-catalog-locale
├ ƒ /api/ai/suggest-catalog-spanish
├ ƒ /api/ai/suggest-finding
├ ƒ /api/ai/suggest-finding-field
├ ƒ /api/automation/mcp
├ ƒ /api/automation/ssh-run
├ ƒ /api/integration/amatista-config
├ ƒ /api/integration/amatista-webhook
├ ƒ /api/integration/cyber-notes
├ ƒ /api/pruebas-seguridad/suites
├ ƒ /api/secops-health
├ ƒ /api/secops/[...path]
├ ƒ /api/secops/audit-logs
├ ƒ /api/secops/ingest/[...path]
├ ƒ /api/vulnerabilities
├ ƒ /api/vulnerabilities/[id]
├ ƒ /api/vulns-catalog
├ ƒ /api/vulns-catalog/[id]
├ ƒ /api/vulns-catalog/bulk-replace
├ ƒ /api/vulns-catalog/export
├ ƒ /api/vulns-catalog/field-config
├ ƒ /api/vulns-catalog/from-finding
├ ƒ /api/vulns-catalog/import
├ ƒ /api/vulns-catalog/meta
├ ƒ /api/vulns-catalog/repair-encoding
├ ƒ /api/vulns-catalog/truncate-explicacion
├ ○ /assets
├ ○ /canvas
├ ○ /compliance
├ ○ /evaluaciones
├ ○ /evaluaciones-catalogo
├ ○ /ingesta-excel
├ ○ /login
├ ○ /login-client
├ ○ /portal
├ ○ /profile
├ ○ /pruebas-seguridad
├ ○ /pruebas-seguridad-catalogo
├ ○ /reports
├ ○ /sec-services
├ ○ /tools
├ ○ /tools/cyber-notes
├ ○ /tools/exposure
├ ○ /tools/methodologies-phantom
├ ○ /tools/nmap
├ ○ /tools/phantom
├ ○ /vul-catalog
├ ○ /vul-mgmt/admin
├ ○ /vul-mgmt/dashboard
├ ○ /vul-mgmt/hallazgos
├ ○ /vul-mgmt/ingesta
├ ○ /vul-mgmt/mapa
├ ƒ /vulnerability/[id]
└ ○ /vulns-catalog


ƒ Proxy (Middleware)

○  (Static)   prerendered as static content
ƒ  (Dynamic)  server-rendered on demand

[+] Frontend — HTTPS on port 29904 (all interfaces)...
[+] Next.js production HTTPS on all interfaces (dual-stack):29904
    https://localhost:29904
    https://192.168.0.175:29904
    https://100.107.190.11:29904
    https://10.211.55.2:29904
    https://10.37.129.2:29904
INFO:     100.113.214.7:0 - "GET /api/v1/auth/me HTTP/1.1" 200 OK
INFO:     100.113.214.7:0 - "GET /api/v1/branding/assets/96f8a280-692c-42a6-a2c0-b198815c1859/logo.jpg HTTP/1.1" 200 OK
INFO:     100.113.214.7:0 - "GET /api/v1/auth/me HTTP/1.1" 200 OK
[!] Puerto 29914 en uso (backend).
COMMAND   PID      USER   FD   TYPE             DEVICE SIZE/OFF NODE NAME
Python  59902 osvaldohm    5u  IPv4 0x7169a959de1b65a8      0t0  TCP 127.0.0.1:29914 (LISTEN)
Python  59908 osvaldohm    5u  IPv4 0x7169a959de1b65a8      0t0  TCP 127.0.0.1:29914 (LISTEN)
Python  59910 osvaldohm    5u  IPv4 0x7169a959de1b65a8      0t0  TCP 127.0.0.1:29914 (LISTEN)
Python  59933 osvaldohm    5u  IPv4 0x7169a959de1b65a8      0t0  TCP 127.0.0.1:29914 (LISTEN)
Python  59934 osvaldohm    5u  IPv4 0x7169a959de1b65a8      0t0  TCP 127.0.0.1:29914 (LISTEN)
[*] Proceso(s) escuchando:
      59902     1 /Applications/Xcode.app/Contents/Developer/Library/Frameworks/Python3.framework/Versions/3.9/Resources/Python.app/Contents/MacOS/Python /Users/osvaldohm/Desktop/apps/spectre/backend/.venv/bin/uvicorn app.main:app --host 127.0.0.1 --port 29914 --workers 4 --log-level info
      59908 59902 /Applications/Xcode.app/Contents/Developer/Library/Frameworks/Python3.framework/Versions/3.9/Resources/Python.app/Contents/MacOS/Python -c from multiprocessing.spawn import spawn_main; spawn_main(tracker_fd=9, pipe_handle=11) --multiprocessing-fork
      59910 59902 /Applications/Xcode.app/Contents/Developer/Library/Frameworks/Python3.framework/Versions/3.9/Resources/Python.app/Contents/MacOS/Python -c from multiprocessing.spawn import spawn_main; spawn_main(tracker_fd=9, pipe_handle=15) --multiprocessing-fork
      59933 59902 /Applications/Xcode.app/Contents/Developer/Library/Frameworks/Python3.framework/Versions/3.9/Resources/Python.app/Contents/MacOS/Python -c from multiprocessing.spawn import spawn_main; spawn_main(tracker_fd=9, pipe_handle=19) --multiprocessing-fork
      59934 59902 /Applications/Xcode.app/Contents/Developer/Library/Frameworks/Python3.framework/Versions/3.9/Resources/Python.app/Contents/MacOS/Python -c from multiprocessing.spawn import spawn_main; spawn_main(tracker_fd=9, pipe_handle=23) --multiprocessing-fork
    (Parece un servidor Phantom / uvicorn / Next.js anterior.)
[*] PHANTOM_FORCE_PORTS=1 — cerrando sin preguntar.
[*] Terminando PID(s): 59902 59908 59910 59933 59934
[*] Enviando SIGINT/SIGTERM a PIDs: 59902 59908 59910 59933 59934
INFO:     Shutting down
INFO:     Shutting down
INFO:     Shutting down
INFO:     Shutting down
INFO:     Waiting for application shutdown.
INFO:     Waiting for application shutdown.
INFO:     Waiting for application shutdown.
INFO:     Waiting for application shutdown.
INFO:     Application shutdown complete.
INFO:     Application shutdown complete.
INFO:     Finished server process [59933]
INFO:     Finished server process [59910]
INFO:     Application shutdown complete.
INFO:     Application shutdown complete.
INFO:     Finished server process [59934]
INFO:     Finished server process [59908]
INFO:     Received SIGTERM, exiting.
INFO:     Waiting for child process [59908]
INFO:     Waiting for child process [59910]
INFO:     Waiting for child process [59933]
INFO:     Waiting for child process [59934]
INFO:     Stopping parent process [59902]
[+] Puerto 29914 libre.
[!] Puerto 29904 en uso (frontend).
COMMAND   PID      USER   FD   TYPE             DEVICE SIZE/OFF NODE NAME
node    60038 osvaldohm   20u  IPv6 0x14a5a79532958364      0t0  TCP *:29904 (LISTEN)
[*] Proceso(s) escuchando:
      60038     1 node server-prod.mjs
    (Parece un servidor Phantom / uvicorn / Next.js anterior.)
[*] PHANTOM_FORCE_PORTS=1 — cerrando sin preguntar.
[*] Terminando PID(s): 60038
[*] Enviando SIGINT/SIGTERM a PIDs: 60038
[+] Puerto 29904 libre.
[+] Backend (FastAPI, 4 workers, HTTP localhost)...
WARNING: You are using pip version 21.2.4; however, version 26.0.1 is available.
You should consider upgrading via the '/Users/osvaldohm/Desktop/apps/spectre/backend/.venv/bin/python3 -m pip install --upgrade pip' command.
[+] Database bootstrap (single process)...
Auth: tenants y usuarios semilla listos.
Database bootstrap complete.
[+] Frontend — building Next.js (production)...
INFO:     Uvicorn running on http://127.0.0.1:29914 (Press CTRL+C to quit)
INFO:     Started parent process [60918]

> spectre@0.1.0 build
> next build

▲ Next.js 16.2.4 (Turbopack)
- Environments: .env.local, .env
- Experiments (use with caution):
  · proxyClientMaxBodySize: "160mb"
  · proxyTimeout: 600000

  Creating an optimized production build ...
/Users/osvaldohm/Desktop/apps/spectre/backend/.venv/lib/python3.9/site-packages/urllib3/__init__.py:35: NotOpenSSLWarning: urllib3 v2 only supports OpenSSL 1.1.1+, currently the 'ssl' module is compiled with 'LibreSSL 2.8.3'. See: https://github.com/urllib3/urllib3/issues/3020
  warnings.warn(
/Users/osvaldohm/Desktop/apps/spectre/backend/.venv/lib/python3.9/site-packages/urllib3/__init__.py:35: NotOpenSSLWarning: urllib3 v2 only supports OpenSSL 1.1.1+, currently the 'ssl' module is compiled with 'LibreSSL 2.8.3'. See: https://github.com/urllib3/urllib3/issues/3020
  warnings.warn(
/Users/osvaldohm/Desktop/apps/spectre/backend/.venv/lib/python3.9/site-packages/urllib3/__init__.py:35: NotOpenSSLWarning: urllib3 v2 only supports OpenSSL 1.1.1+, currently the 'ssl' module is compiled with 'LibreSSL 2.8.3'. See: https://github.com/urllib3/urllib3/issues/3020
  warnings.warn(
/Users/osvaldohm/Desktop/apps/spectre/backend/.venv/lib/python3.9/site-packages/urllib3/__init__.py:35: NotOpenSSLWarning: urllib3 v2 only supports OpenSSL 1.1.1+, currently the 'ssl' module is compiled with 'LibreSSL 2.8.3'. See: https://github.com/urllib3/urllib3/issues/3020
  warnings.warn(
INFO:     Started server process [60952]
INFO:     Waiting for application startup.
INFO:     Started server process [60950]
INFO:     Waiting for application startup.
INFO:     Started server process [60951]
INFO:     Waiting for application startup.
INFO:     Started server process [60953]
INFO:     Waiting for application startup.
ingest worker not started: Redis unavailable at redis://localhost:6379/0 (start redis or set INGEST_WORKER_ENABLED=false)
INFO:     Application startup complete.
ingest worker not started: Redis unavailable at redis://localhost:6379/0 (start redis or set INGEST_WORKER_ENABLED=false)
INFO:     Application startup complete.
ingest worker not started: Redis unavailable at redis://localhost:6379/0 (start redis or set INGEST_WORKER_ENABLED=false)
INFO:     Application startup complete.
ingest worker not started: Redis unavailable at redis://localhost:6379/0 (start redis or set INGEST_WORKER_ENABLED=false)
INFO:     Application startup complete.
✓ Compiled successfully in 8.5s
  Running TypeScript ...
  Finished TypeScript in 10.3s ...
  Collecting page data using 7 workers ...
  Generating static pages using 7 workers (0/50) ...
  Generating static pages using 7 workers (12/50) 
  Generating static pages using 7 workers (24/50) 
  Generating static pages using 7 workers (37/50) 
✓ Generating static pages using 7 workers (50/50) in 515ms
  Finalizing page optimization ...

Route (app)
┌ ○ /
├ ○ /_not-found
├ ○ /admin
├ ○ /agents
├ ƒ /api/ai/analyze-raw-output
├ ƒ /api/ai/explain
├ ƒ /api/ai/generate-target-map
├ ƒ /api/ai/parse-walkthrough
├ ƒ /api/ai/split-findings
├ ƒ /api/ai/suggest
├ ƒ /api/ai/suggest-catalog-locale
├ ƒ /api/ai/suggest-catalog-spanish
├ ƒ /api/ai/suggest-finding
├ ƒ /api/ai/suggest-finding-field
├ ƒ /api/automation/mcp
├ ƒ /api/automation/ssh-run
├ ƒ /api/integration/amatista-config
├ ƒ /api/integration/amatista-webhook
├ ƒ /api/integration/cyber-notes
├ ƒ /api/pruebas-seguridad/suites
├ ƒ /api/secops-health
├ ƒ /api/secops/[...path]
├ ƒ /api/secops/audit-logs
├ ƒ /api/secops/ingest/[...path]
├ ƒ /api/vulnerabilities
├ ƒ /api/vulnerabilities/[id]
├ ƒ /api/vulns-catalog
├ ƒ /api/vulns-catalog/[id]
├ ƒ /api/vulns-catalog/bulk-replace
├ ƒ /api/vulns-catalog/export
├ ƒ /api/vulns-catalog/field-config
├ ƒ /api/vulns-catalog/from-finding
├ ƒ /api/vulns-catalog/import
├ ƒ /api/vulns-catalog/meta
├ ƒ /api/vulns-catalog/repair-encoding
├ ƒ /api/vulns-catalog/truncate-explicacion
├ ○ /assets
├ ○ /canvas
├ ○ /compliance
├ ○ /evaluaciones
├ ○ /evaluaciones-catalogo
├ ○ /ingesta-excel
├ ○ /login
├ ○ /login-client
├ ○ /portal
├ ○ /profile
├ ○ /pruebas-seguridad
├ ○ /pruebas-seguridad-catalogo
├ ○ /reports
├ ○ /sec-services
├ ○ /tools
├ ○ /tools/cyber-notes
├ ○ /tools/exposure
├ ○ /tools/methodologies-phantom
├ ○ /tools/nmap
├ ○ /tools/phantom
├ ○ /vul-catalog
├ ○ /vul-mgmt/admin
├ ○ /vul-mgmt/dashboard
├ ○ /vul-mgmt/hallazgos
├ ○ /vul-mgmt/ingesta
├ ○ /vul-mgmt/mapa
├ ƒ /vulnerability/[id]
└ ○ /vulns-catalog


ƒ Proxy (Middleware)

○  (Static)   prerendered as static content
ƒ  (Dynamic)  server-rendered on demand

[+] Frontend — HTTPS on port 29904 (all interfaces)...
[+] Next.js production HTTPS on all interfaces (dual-stack):29904
    https://localhost:29904
    https://192.168.0.175:29904
    https://100.107.190.11:29904
    https://10.211.55.2:29904
    https://10.37.129.2:29904
INFO:     100.113.214.7:0 - "GET /api/v1/auth/me HTTP/1.1" 200 OK
INFO:     100.113.214.7:0 - "GET /api/v1/branding/assets/96f8a280-692c-42a6-a2c0-b198815c1859/logo.jpg HTTP/1.1" 200 OK
INFO:     100.113.214.7:0 - "GET /api/v1/auth/me HTTP/1.1" 200 OK
[!] Puerto 29914 en uso (backend).
COMMAND   PID      USER   FD   TYPE             DEVICE SIZE/OFF NODE NAME
Python  60918 osvaldohm    5u  IPv4 0xa7e79b93d261af35      0t0  TCP 127.0.0.1:29914 (LISTEN)
Python  60950 osvaldohm    5u  IPv4 0xa7e79b93d261af35      0t0  TCP 127.0.0.1:29914 (LISTEN)
Python  60951 osvaldohm    5u  IPv4 0xa7e79b93d261af35      0t0  TCP 127.0.0.1:29914 (LISTEN)
Python  60952 osvaldohm    5u  IPv4 0xa7e79b93d261af35      0t0  TCP 127.0.0.1:29914 (LISTEN)
Python  60953 osvaldohm    5u  IPv4 0xa7e79b93d261af35      0t0  TCP 127.0.0.1:29914 (LISTEN)
[*] Proceso(s) escuchando:
      60918     1 /Applications/Xcode.app/Contents/Developer/Library/Frameworks/Python3.framework/Versions/3.9/Resources/Python.app/Contents/MacOS/Python /Users/osvaldohm/Desktop/apps/spectre/backend/.venv/bin/uvicorn app.main:app --host 127.0.0.1 --port 29914 --workers 4 --log-level info
      60950 60918 /Applications/Xcode.app/Contents/Developer/Library/Frameworks/Python3.framework/Versions/3.9/Resources/Python.app/Contents/MacOS/Python -c from multiprocessing.spawn import spawn_main; spawn_main(tracker_fd=9, pipe_handle=11) --multiprocessing-fork
      60951 60918 /Applications/Xcode.app/Contents/Developer/Library/Frameworks/Python3.framework/Versions/3.9/Resources/Python.app/Contents/MacOS/Python -c from multiprocessing.spawn import spawn_main; spawn_main(tracker_fd=9, pipe_handle=15) --multiprocessing-fork
      60952 60918 /Applications/Xcode.app/Contents/Developer/Library/Frameworks/Python3.framework/Versions/3.9/Resources/Python.app/Contents/MacOS/Python -c from multiprocessing.spawn import spawn_main; spawn_main(tracker_fd=9, pipe_handle=19) --multiprocessing-fork
      60953 60918 /Applications/Xcode.app/Contents/Developer/Library/Frameworks/Python3.framework/Versions/3.9/Resources/Python.app/Contents/MacOS/Python -c from multiprocessing.spawn import spawn_main; spawn_main(tracker_fd=9, pipe_handle=23) --multiprocessing-fork
    (Parece un servidor Phantom / uvicorn / Next.js anterior.)
[*] PHANTOM_FORCE_PORTS=1 — cerrando sin preguntar.
[*] Terminando PID(s): 60918 60950 60951 60952 60953
[*] Enviando SIGINT/SIGTERM a PIDs: 60918 60950 60951 60952 60953
INFO:     Shutting down
INFO:     Shutting down
INFO:     Shutting down
INFO:     Shutting down
INFO:     Waiting for application shutdown.
INFO:     Application shutdown complete.
INFO:     Finished server process [60951]
INFO:     Waiting for application shutdown.
INFO:     Waiting for application shutdown.
INFO:     Waiting for application shutdown.
INFO:     Application shutdown complete.
INFO:     Finished server process [60953]
INFO:     Application shutdown complete.
INFO:     Finished server process [60950]
INFO:     Application shutdown complete.
INFO:     Finished server process [60952]
INFO:     Received SIGTERM, exiting.
INFO:     Waiting for child process [60950]
INFO:     Waiting for child process [60951]
INFO:     Waiting for child process [60952]
INFO:     Waiting for child process [60953]
INFO:     Stopping parent process [60918]
[+] Puerto 29914 libre.
[!] Puerto 29904 en uso (frontend).
COMMAND   PID      USER   FD   TYPE             DEVICE SIZE/OFF NODE NAME
node    61069 osvaldohm   20u  IPv6 0x772c42209ff7b764      0t0  TCP *:29904 (LISTEN)
[*] Proceso(s) escuchando:
      61069     1 node server-prod.mjs
    (Parece un servidor Phantom / uvicorn / Next.js anterior.)
[*] PHANTOM_FORCE_PORTS=1 — cerrando sin preguntar.
[*] Terminando PID(s): 61069
[*] Enviando SIGINT/SIGTERM a PIDs: 61069
[+] Puerto 29904 libre.
[+] Backend (FastAPI, 4 workers, HTTP localhost)...
WARNING: You are using pip version 21.2.4; however, version 26.0.1 is available.
You should consider upgrading via the '/Users/osvaldohm/Desktop/apps/spectre/backend/.venv/bin/python3 -m pip install --upgrade pip' command.
[+] Database bootstrap (single process)...
Auth: tenants y usuarios semilla listos.
Database bootstrap complete.
[+] Frontend — building Next.js (production)...

> spectre@0.1.0 build
> next build

INFO:     Uvicorn running on http://127.0.0.1:29914 (Press CTRL+C to quit)
INFO:     Started parent process [63731]
▲ Next.js 16.2.4 (Turbopack)
- Environments: .env.local, .env
- Experiments (use with caution):
  · proxyClientMaxBodySize: "160mb"
  · proxyTimeout: 600000

  Creating an optimized production build ...
/Users/osvaldohm/Desktop/apps/spectre/backend/.venv/lib/python3.9/site-packages/urllib3/__init__.py:35: NotOpenSSLWarning: urllib3 v2 only supports OpenSSL 1.1.1+, currently the 'ssl' module is compiled with 'LibreSSL 2.8.3'. See: https://github.com/urllib3/urllib3/issues/3020
  warnings.warn(
/Users/osvaldohm/Desktop/apps/spectre/backend/.venv/lib/python3.9/site-packages/urllib3/__init__.py:35: NotOpenSSLWarning: urllib3 v2 only supports OpenSSL 1.1.1+, currently the 'ssl' module is compiled with 'LibreSSL 2.8.3'. See: https://github.com/urllib3/urllib3/issues/3020
  warnings.warn(
/Users/osvaldohm/Desktop/apps/spectre/backend/.venv/lib/python3.9/site-packages/urllib3/__init__.py:35: NotOpenSSLWarning: urllib3 v2 only supports OpenSSL 1.1.1+, currently the 'ssl' module is compiled with 'LibreSSL 2.8.3'. See: https://github.com/urllib3/urllib3/issues/3020
  warnings.warn(
/Users/osvaldohm/Desktop/apps/spectre/backend/.venv/lib/python3.9/site-packages/urllib3/__init__.py:35: NotOpenSSLWarning: urllib3 v2 only supports OpenSSL 1.1.1+, currently the 'ssl' module is compiled with 'LibreSSL 2.8.3'. See: https://github.com/urllib3/urllib3/issues/3020
  warnings.warn(
INFO:     Started server process [63761]
INFO:     Waiting for application startup.
INFO:     Started server process [63760]
INFO:     Waiting for application startup.
INFO:     Started server process [63759]
INFO:     Waiting for application startup.
ingest worker not started: Redis unavailable at redis://localhost:6379/0 (start redis or set INGEST_WORKER_ENABLED=false)
INFO:     Application startup complete.
ingest worker not started: Redis unavailable at redis://localhost:6379/0 (start redis or set INGEST_WORKER_ENABLED=false)
INFO:     Application startup complete.
ingest worker not started: Redis unavailable at redis://localhost:6379/0 (start redis or set INGEST_WORKER_ENABLED=false)
INFO:     Application startup complete.
INFO:     Started server process [63758]
INFO:     Waiting for application startup.
ingest worker not started: Redis unavailable at redis://localhost:6379/0 (start redis or set INGEST_WORKER_ENABLED=false)
INFO:     Application startup complete.
✓ Compiled successfully in 9.9s
  Running TypeScript ...
  Finished TypeScript in 11.0s ...
  Collecting page data using 7 workers ...
  Generating static pages using 7 workers (0/50) ...
  Generating static pages using 7 workers (12/50) 
  Generating static pages using 7 workers (24/50) 
  Generating static pages using 7 workers (37/50) 
✓ Generating static pages using 7 workers (50/50) in 508ms
  Finalizing page optimization ...

Route (app)
┌ ○ /
├ ○ /_not-found
├ ○ /admin
├ ○ /agents
├ ƒ /api/ai/analyze-raw-output
├ ƒ /api/ai/explain
├ ƒ /api/ai/generate-target-map
├ ƒ /api/ai/parse-walkthrough
├ ƒ /api/ai/split-findings
├ ƒ /api/ai/suggest
├ ƒ /api/ai/suggest-catalog-locale
├ ƒ /api/ai/suggest-catalog-spanish
├ ƒ /api/ai/suggest-finding
├ ƒ /api/ai/suggest-finding-field
├ ƒ /api/automation/mcp
├ ƒ /api/automation/ssh-run
├ ƒ /api/integration/amatista-config
├ ƒ /api/integration/amatista-webhook
├ ƒ /api/integration/cyber-notes
├ ƒ /api/pruebas-seguridad/suites
├ ƒ /api/secops-health
├ ƒ /api/secops/[...path]
├ ƒ /api/secops/audit-logs
├ ƒ /api/secops/ingest/[...path]
├ ƒ /api/vulnerabilities
├ ƒ /api/vulnerabilities/[id]
├ ƒ /api/vulns-catalog
├ ƒ /api/vulns-catalog/[id]
├ ƒ /api/vulns-catalog/bulk-replace
├ ƒ /api/vulns-catalog/export
├ ƒ /api/vulns-catalog/field-config
├ ƒ /api/vulns-catalog/from-finding
├ ƒ /api/vulns-catalog/import
├ ƒ /api/vulns-catalog/meta
├ ƒ /api/vulns-catalog/repair-encoding
├ ƒ /api/vulns-catalog/truncate-explicacion
├ ○ /assets
├ ○ /canvas
├ ○ /compliance
├ ○ /evaluaciones
├ ○ /evaluaciones-catalogo
├ ○ /ingesta-excel
├ ○ /login
├ ○ /login-client
├ ○ /portal
├ ○ /profile
├ ○ /pruebas-seguridad
├ ○ /pruebas-seguridad-catalogo
├ ○ /reports
├ ○ /sec-services
├ ○ /tools
├ ○ /tools/cyber-notes
├ ○ /tools/exposure
├ ○ /tools/methodologies-phantom
├ ○ /tools/nmap
├ ○ /tools/phantom
├ ○ /vul-catalog
├ ○ /vul-mgmt/admin
├ ○ /vul-mgmt/dashboard
├ ○ /vul-mgmt/hallazgos
├ ○ /vul-mgmt/ingesta
├ ○ /vul-mgmt/mapa
├ ƒ /vulnerability/[id]
└ ○ /vulns-catalog


ƒ Proxy (Middleware)

○  (Static)   prerendered as static content
ƒ  (Dynamic)  server-rendered on demand

[+] Frontend — HTTPS on port 29904 (all interfaces)...
[+] Next.js production HTTPS on all interfaces (dual-stack):29904
    https://localhost:29904
    https://192.168.0.175:29904
    https://100.107.190.11:29904
    https://10.211.55.2:29904
    https://10.37.129.2:29904
INFO:     100.113.214.7:0 - "GET /api/v1/auth/me HTTP/1.1" 200 OK
INFO:     100.113.214.7:0 - "GET /api/v1/branding/assets/96f8a280-692c-42a6-a2c0-b198815c1859/logo.jpg HTTP/1.1" 200 OK
INFO:     100.113.214.7:0 - "GET /api/v1/auth/me HTTP/1.1" 200 OK
INFO:     100.113.214.7:0 - "GET /api/v1/engagements HTTP/1.1" 200 OK
INFO:     100.113.214.7:0 - "GET /api/v1/findings/stats/platform HTTP/1.1" 200 OK
INFO:     100.113.214.7:0 - "GET /api/v1/engagements HTTP/1.1" 200 OK
INFO:     100.113.214.7:0 - "GET /api/v1/engagements HTTP/1.1" 200 OK
INFO:     100.113.214.7:0 - "GET /api/v1/engagements HTTP/1.1" 401 Unauthorized
INFO:     100.113.214.7:0 - "GET /api/v1/auth/me HTTP/1.1" 401 Unauthorized
INFO:     100.113.214.7:0 - "GET /api/v1/engagements HTTP/1.1" 401 Unauthorized
INFO:     100.113.214.7:0 - "GET /api/v1/engagements HTTP/1.1" 401 Unauthorized
✓ Compiled in 276ms
INFO:     Waiting for child process [63760]
INFO:     Child process [63760] died
INFO:     Waiting for child process [63761]
INFO:     Child process [63761] died
/Users/osvaldohm/Desktop/apps/spectre/backend/.venv/lib/python3.9/site-packages/urllib3/__init__.py:35: NotOpenSSLWarning: urllib3 v2 only supports OpenSSL 1.1.1+, currently the 'ssl' module is compiled with 'LibreSSL 2.8.3'. See: https://github.com/urllib3/urllib3/issues/3020
  warnings.warn(
/Users/osvaldohm/Desktop/apps/spectre/backend/.venv/lib/python3.9/site-packages/urllib3/__init__.py:35: NotOpenSSLWarning: urllib3 v2 only supports OpenSSL 1.1.1+, currently the 'ssl' module is compiled with 'LibreSSL 2.8.3'. See: https://github.com/urllib3/urllib3/issues/3020
  warnings.warn(
INFO:     Started server process [20304]
INFO:     Waiting for application startup.
INFO:     Started server process [20305]
INFO:     Waiting for application startup.
ingest worker not started: Redis unavailable at redis://localhost:6379/0 (start redis or set INGEST_WORKER_ENABLED=false)
ingest worker not started: Redis unavailable at redis://localhost:6379/0 (start redis or set INGEST_WORKER_ENABLED=false)
INFO:     Application startup complete.
INFO:     Application startup complete.
./phantom: line 937: 63731 Killed: 9               uvicorn app.main:app --host 127.0.0.1 --port "$BACKEND_PORT" --workers "$UVICORN_WORKERS" --log-level info 2>&1
     63732 Done                    | tee -a "../storage/logs/phantom.log"  (wd: ~/Desktop/apps/spectre/backend)
./phantom: line 937: 63879 Killed: 9               node server-prod.mjs
./phantom: line 1747: syntax error near unexpected token `('

[-] Shutting down...
./phantom: line 882: BACKEND_PID: unbound variable
[+] Backend (FastAPI, 4 workers, HTTP localhost)...
./phantom: line 985: pip: command not found

[-] Shutting down...
[+] Stopped.
[+] Backend (FastAPI, 4 workers, HTTP localhost)...
WARNING: You are using pip version 21.2.4; however, version 26.0.1 is available.
You should consider upgrading via the '/Users/osvaldohm/Desktop/apps/prod/phantom-app-prod/backend/.venv/bin/python3 -m pip install --upgrade pip' command.
[+] Database bootstrap (single process)...
Auth: tenants y usuarios semilla listos.
Database bootstrap complete.
[+] Frontend — building Next.js (production)...
INFO:     Uvicorn running on http://127.0.0.1:29914 (Press CTRL+C to quit)
INFO:     Started parent process [41813]

> spectre@0.1.0 build
> next build

▲ Next.js 16.2.4 (Turbopack)
- Environments: .env.local, .env
- Experiments (use with caution):
  · proxyClientMaxBodySize: "160mb"
  · proxyTimeout: 600000

  Creating an optimized production build ...
/Users/osvaldohm/Desktop/apps/prod/phantom-app-prod/backend/.venv/lib/python3.9/site-packages/urllib3/__init__.py:35: NotOpenSSLWarning: urllib3 v2 only supports OpenSSL 1.1.1+, currently the 'ssl' module is compiled with 'LibreSSL 2.8.3'. See: https://github.com/urllib3/urllib3/issues/3020
  warnings.warn(
/Users/osvaldohm/Desktop/apps/prod/phantom-app-prod/backend/.venv/lib/python3.9/site-packages/urllib3/__init__.py:35: NotOpenSSLWarning: urllib3 v2 only supports OpenSSL 1.1.1+, currently the 'ssl' module is compiled with 'LibreSSL 2.8.3'. See: https://github.com/urllib3/urllib3/issues/3020
  warnings.warn(
/Users/osvaldohm/Desktop/apps/prod/phantom-app-prod/backend/.venv/lib/python3.9/site-packages/urllib3/__init__.py:35: NotOpenSSLWarning: urllib3 v2 only supports OpenSSL 1.1.1+, currently the 'ssl' module is compiled with 'LibreSSL 2.8.3'. See: https://github.com/urllib3/urllib3/issues/3020
  warnings.warn(
/Users/osvaldohm/Desktop/apps/prod/phantom-app-prod/backend/.venv/lib/python3.9/site-packages/urllib3/__init__.py:35: NotOpenSSLWarning: urllib3 v2 only supports OpenSSL 1.1.1+, currently the 'ssl' module is compiled with 'LibreSSL 2.8.3'. See: https://github.com/urllib3/urllib3/issues/3020
  warnings.warn(
INFO:     Started server process [41817]
INFO:     Waiting for application startup.
INFO:     Started server process [41818]
INFO:     Waiting for application startup.
INFO:     Started server process [41819]
INFO:     Waiting for application startup.
INFO:     Started server process [41820]
INFO:     Waiting for application startup.
ingest worker not started: Redis unavailable at redis://localhost:6379/0 (start redis or set INGEST_WORKER_ENABLED=false)
INFO:     Application startup complete.
ingest worker not started: Redis unavailable at redis://localhost:6379/0 (start redis or set INGEST_WORKER_ENABLED=false)
INFO:     Application startup complete.
ingest worker not started: Redis unavailable at redis://localhost:6379/0 (start redis or set INGEST_WORKER_ENABLED=false)
INFO:     Application startup complete.
ingest worker not started: Redis unavailable at redis://localhost:6379/0 (start redis or set INGEST_WORKER_ENABLED=false)
INFO:     Application startup complete.
✓ Compiled successfully in 7.4s
  Running TypeScript ...
  Finished TypeScript in 9.0s ...
  Collecting page data using 7 workers ...
  Generating static pages using 7 workers (0/50) ...
  Generating static pages using 7 workers (12/50) 
  Generating static pages using 7 workers (24/50) 
  Generating static pages using 7 workers (37/50) 
✓ Generating static pages using 7 workers (50/50) in 455ms
  Finalizing page optimization ...

Route (app)
┌ ○ /
├ ○ /_not-found
├ ○ /admin
├ ○ /agents
├ ƒ /api/ai/analyze-raw-output
├ ƒ /api/ai/explain
├ ƒ /api/ai/generate-target-map
├ ƒ /api/ai/parse-walkthrough
├ ƒ /api/ai/split-findings
├ ƒ /api/ai/suggest
├ ƒ /api/ai/suggest-catalog-locale
├ ƒ /api/ai/suggest-catalog-spanish
├ ƒ /api/ai/suggest-finding
├ ƒ /api/ai/suggest-finding-field
├ ƒ /api/automation/mcp
├ ƒ /api/automation/ssh-run
├ ƒ /api/integration/amatista-config
├ ƒ /api/integration/amatista-webhook
├ ƒ /api/integration/cyber-notes
├ ƒ /api/pruebas-seguridad/suites
├ ƒ /api/secops-health
├ ƒ /api/secops/[...path]
├ ƒ /api/secops/audit-logs
├ ƒ /api/secops/ingest/[...path]
├ ƒ /api/vulnerabilities
├ ƒ /api/vulnerabilities/[id]
├ ƒ /api/vulns-catalog
├ ƒ /api/vulns-catalog/[id]
├ ƒ /api/vulns-catalog/bulk-replace
├ ƒ /api/vulns-catalog/export
├ ƒ /api/vulns-catalog/field-config
├ ƒ /api/vulns-catalog/from-finding
├ ƒ /api/vulns-catalog/import
├ ƒ /api/vulns-catalog/meta
├ ƒ /api/vulns-catalog/repair-encoding
├ ƒ /api/vulns-catalog/truncate-explicacion
├ ○ /assets
├ ○ /canvas
├ ○ /compliance
├ ○ /evaluaciones
├ ○ /evaluaciones-catalogo
├ ○ /ingesta-excel
├ ○ /login
├ ○ /login-client
├ ○ /portal
├ ○ /profile
├ ○ /pruebas-seguridad
├ ○ /pruebas-seguridad-catalogo
├ ○ /reports
├ ○ /sec-services
├ ○ /tools
├ ○ /tools/cyber-notes
├ ○ /tools/exposure
├ ○ /tools/methodologies-phantom
├ ○ /tools/nmap
├ ○ /tools/phantom
├ ○ /vul-catalog
├ ○ /vul-mgmt/admin
├ ○ /vul-mgmt/dashboard
├ ○ /vul-mgmt/hallazgos
├ ○ /vul-mgmt/ingesta
├ ○ /vul-mgmt/mapa
├ ƒ /vulnerability/[id]
└ ○ /vulns-catalog


ƒ Proxy (Middleware)

○  (Static)   prerendered as static content
ƒ  (Dynamic)  server-rendered on demand

[+] Frontend — HTTPS on port 29904 (all interfaces)...
[+] Next.js production HTTPS on all interfaces (dual-stack):29904
    https://localhost:29904
    https://192.168.0.175:29904
    https://100.107.190.11:29904
[!] Puerto 29914 en uso (backend).
COMMAND   PID      USER   FD   TYPE             DEVICE SIZE/OFF NODE NAME
Python  41813 osvaldohm    5u  IPv4 0xb75de72ab3447463      0t0  TCP 127.0.0.1:29914 (LISTEN)
Python  41817 osvaldohm    5u  IPv4 0xb75de72ab3447463      0t0  TCP 127.0.0.1:29914 (LISTEN)
Python  41818 osvaldohm    5u  IPv4 0xb75de72ab3447463      0t0  TCP 127.0.0.1:29914 (LISTEN)
Python  41819 osvaldohm    5u  IPv4 0xb75de72ab3447463      0t0  TCP 127.0.0.1:29914 (LISTEN)
Python  41820 osvaldohm    5u  IPv4 0xb75de72ab3447463      0t0  TCP 127.0.0.1:29914 (LISTEN)
[*] Proceso(s) escuchando:
      41813     1 /Applications/Xcode.app/Contents/Developer/Library/Frameworks/Python3.framework/Versions/3.9/Resources/Python.app/Contents/MacOS/Python /Users/osvaldohm/Desktop/apps/prod/phantom-app-prod/backend/.venv/bin/uvicorn app.main:app --host 127.0.0.1 --port 29914 --workers 4 --log-level info
      41817 41813 /Applications/Xcode.app/Contents/Developer/Library/Frameworks/Python3.framework/Versions/3.9/Resources/Python.app/Contents/MacOS/Python -c from multiprocessing.spawn import spawn_main; spawn_main(tracker_fd=9, pipe_handle=11) --multiprocessing-fork
      41818 41813 /Applications/Xcode.app/Contents/Developer/Library/Frameworks/Python3.framework/Versions/3.9/Resources/Python.app/Contents/MacOS/Python -c from multiprocessing.spawn import spawn_main; spawn_main(tracker_fd=9, pipe_handle=15) --multiprocessing-fork
      41819 41813 /Applications/Xcode.app/Contents/Developer/Library/Frameworks/Python3.framework/Versions/3.9/Resources/Python.app/Contents/MacOS/Python -c from multiprocessing.spawn import spawn_main; spawn_main(tracker_fd=9, pipe_handle=19) --multiprocessing-fork
      41820 41813 /Applications/Xcode.app/Contents/Developer/Library/Frameworks/Python3.framework/Versions/3.9/Resources/Python.app/Contents/MacOS/Python -c from multiprocessing.spawn import spawn_main; spawn_main(tracker_fd=9, pipe_handle=23) --multiprocessing-fork
    (Parece un servidor Phantom / uvicorn / Next.js anterior.)
[*] PHANTOM_FORCE_PORTS=1 — cerrando sin preguntar.
[*] Terminando PID(s): 41813 41817 41818 41819 41820
[*] Enviando SIGINT/SIGTERM a PIDs: 41813 41817 41818 41819 41820
INFO:     Shutting down
INFO:     Shutting down
INFO:     Shutting down
INFO:     Shutting down
INFO:     Waiting for application shutdown.
INFO:     Application shutdown complete.
INFO:     Finished server process [41819]
INFO:     Waiting for application shutdown.
INFO:     Application shutdown complete.
INFO:     Finished server process [41817]
INFO:     Waiting for application shutdown.
INFO:     Application shutdown complete.
INFO:     Finished server process [41818]
INFO:     Waiting for application shutdown.
INFO:     Application shutdown complete.
INFO:     Finished server process [41820]
INFO:     Received SIGTERM, exiting.
INFO:     Waiting for child process [41817]
INFO:     Waiting for child process [41818]
INFO:     Waiting for child process [41819]
INFO:     Waiting for child process [41820]
INFO:     Stopping parent process [41813]
[+] Puerto 29914 libre.
[!] Puerto 29904 en uso (frontend).
COMMAND   PID      USER   FD   TYPE             DEVICE SIZE/OFF NODE NAME
node    41896 osvaldohm   20u  IPv6 0xcbdb584ba2f3f1dd      0t0  TCP *:29904 (LISTEN)
[*] Proceso(s) escuchando:
      41896     1 node server-prod.mjs
    (Parece un servidor Phantom / uvicorn / Next.js anterior.)
[*] PHANTOM_FORCE_PORTS=1 — cerrando sin preguntar.
[*] Terminando PID(s): 41896
[*] Enviando SIGINT/SIGTERM a PIDs: 41896
[+] Puerto 29904 libre.
[+] Backend (FastAPI, 4 workers, HTTP localhost)...
WARNING: You are using pip version 21.2.4; however, version 26.0.1 is available.
You should consider upgrading via the '/Users/osvaldohm/Desktop/apps/prod/phantom-app-prod/backend/.venv/bin/python3 -m pip install --upgrade pip' command.
[+] Database bootstrap (single process)...
Auth: tenants y usuarios semilla listos.
Database bootstrap complete.
[+] Frontend — building Next.js (production)...

> spectre@0.1.0 build
> next build

INFO:     Uvicorn running on http://127.0.0.1:29914 (Press CTRL+C to quit)
INFO:     Started parent process [48995]
▲ Next.js 16.2.4 (Turbopack)
- Environments: .env.local, .env
- Experiments (use with caution):
  · proxyClientMaxBodySize: "160mb"
  · proxyTimeout: 600000

  Creating an optimized production build ...
/Users/osvaldohm/Desktop/apps/prod/phantom-app-prod/backend/.venv/lib/python3.9/site-packages/urllib3/__init__.py:35: NotOpenSSLWarning: urllib3 v2 only supports OpenSSL 1.1.1+, currently the 'ssl' module is compiled with 'LibreSSL 2.8.3'. See: https://github.com/urllib3/urllib3/issues/3020
  warnings.warn(
/Users/osvaldohm/Desktop/apps/prod/phantom-app-prod/backend/.venv/lib/python3.9/site-packages/urllib3/__init__.py:35: NotOpenSSLWarning: urllib3 v2 only supports OpenSSL 1.1.1+, currently the 'ssl' module is compiled with 'LibreSSL 2.8.3'. See: https://github.com/urllib3/urllib3/issues/3020
  warnings.warn(
/Users/osvaldohm/Desktop/apps/prod/phantom-app-prod/backend/.venv/lib/python3.9/site-packages/urllib3/__init__.py:35: NotOpenSSLWarning: urllib3 v2 only supports OpenSSL 1.1.1+, currently the 'ssl' module is compiled with 'LibreSSL 2.8.3'. See: https://github.com/urllib3/urllib3/issues/3020
  warnings.warn(
/Users/osvaldohm/Desktop/apps/prod/phantom-app-prod/backend/.venv/lib/python3.9/site-packages/urllib3/__init__.py:35: NotOpenSSLWarning: urllib3 v2 only supports OpenSSL 1.1.1+, currently the 'ssl' module is compiled with 'LibreSSL 2.8.3'. See: https://github.com/urllib3/urllib3/issues/3020
  warnings.warn(
INFO:     Started server process [49025]
INFO:     Waiting for application startup.
INFO:     Started server process [49024]
INFO:     Waiting for application startup.
INFO:     Started server process [49023]
INFO:     Waiting for application startup.
INFO:     Started server process [49026]
INFO:     Waiting for application startup.
ingest worker not started: Redis unavailable at redis://localhost:6379/0 (start redis or set INGEST_WORKER_ENABLED=false)
ingest worker not started: Redis unavailable at redis://localhost:6379/0 (start redis or set INGEST_WORKER_ENABLED=false)
INFO:     Application startup complete.
INFO:     Application startup complete.
ingest worker not started: Redis unavailable at redis://localhost:6379/0 (start redis or set INGEST_WORKER_ENABLED=false)
INFO:     Application startup complete.
ingest worker not started: Redis unavailable at redis://localhost:6379/0 (start redis or set INGEST_WORKER_ENABLED=false)
INFO:     Application startup complete.
✓ Compiled successfully in 8.4s
  Running TypeScript ...
  Finished TypeScript in 9.6s ...
  Collecting page data using 7 workers ...
  Generating static pages using 7 workers (0/50) ...
  Generating static pages using 7 workers (12/50) 
  Generating static pages using 7 workers (24/50) 
  Generating static pages using 7 workers (37/50) 
✓ Generating static pages using 7 workers (50/50) in 528ms
  Finalizing page optimization ...

Route (app)
┌ ○ /
├ ○ /_not-found
├ ○ /admin
├ ○ /agents
├ ƒ /api/ai/analyze-raw-output
├ ƒ /api/ai/explain
├ ƒ /api/ai/generate-target-map
├ ƒ /api/ai/parse-walkthrough
├ ƒ /api/ai/split-findings
├ ƒ /api/ai/suggest
├ ƒ /api/ai/suggest-catalog-locale
├ ƒ /api/ai/suggest-catalog-spanish
├ ƒ /api/ai/suggest-finding
├ ƒ /api/ai/suggest-finding-field
├ ƒ /api/automation/mcp
├ ƒ /api/automation/ssh-run
├ ƒ /api/integration/amatista-config
├ ƒ /api/integration/amatista-webhook
├ ƒ /api/integration/cyber-notes
├ ƒ /api/pruebas-seguridad/suites
├ ƒ /api/secops-health
├ ƒ /api/secops/[...path]
├ ƒ /api/secops/audit-logs
├ ƒ /api/secops/ingest/[...path]
├ ƒ /api/vulnerabilities
├ ƒ /api/vulnerabilities/[id]
├ ƒ /api/vulns-catalog
├ ƒ /api/vulns-catalog/[id]
├ ƒ /api/vulns-catalog/bulk-replace
├ ƒ /api/vulns-catalog/export
├ ƒ /api/vulns-catalog/field-config
├ ƒ /api/vulns-catalog/from-finding
├ ƒ /api/vulns-catalog/import
├ ƒ /api/vulns-catalog/meta
├ ƒ /api/vulns-catalog/repair-encoding
├ ƒ /api/vulns-catalog/truncate-explicacion
├ ○ /assets
├ ○ /canvas
├ ○ /compliance
├ ○ /evaluaciones
├ ○ /evaluaciones-catalogo
├ ○ /icon.svg
├ ○ /ingesta-excel
├ ○ /login
├ ○ /login-client
├ ○ /portal
├ ○ /profile
├ ○ /pruebas-seguridad
├ ○ /pruebas-seguridad-catalogo
├ ○ /reports
├ ○ /sec-services
├ ○ /tools
├ ○ /tools/cyber-notes
├ ○ /tools/exposure
├ ○ /tools/methodologies-phantom
├ ○ /tools/nmap
├ ○ /tools/phantom
├ ○ /vul-catalog
├ ○ /vul-mgmt/admin
├ ○ /vul-mgmt/dashboard
├ ○ /vul-mgmt/hallazgos
├ ○ /vul-mgmt/ingesta
├ ○ /vul-mgmt/mapa
├ ƒ /vulnerability/[id]
└ ○ /vulns-catalog


ƒ Proxy (Middleware)

○  (Static)   prerendered as static content
ƒ  (Dynamic)  server-rendered on demand

[+] Frontend — HTTPS on port 29904 (all interfaces)...
[+] Next.js production HTTPS on all interfaces (dual-stack):29904
    https://localhost:29904
    https://192.168.0.175:29904
    https://100.107.190.11:29904
[!] Puerto 29914 en uso (backend).
COMMAND   PID      USER   FD   TYPE             DEVICE SIZE/OFF NODE NAME
Python  48995 osvaldohm    5u  IPv4 0xcf83bff5a2189b7c      0t0  TCP 127.0.0.1:29914 (LISTEN)
Python  49023 osvaldohm    5u  IPv4 0xcf83bff5a2189b7c      0t0  TCP 127.0.0.1:29914 (LISTEN)
Python  49024 osvaldohm    5u  IPv4 0xcf83bff5a2189b7c      0t0  TCP 127.0.0.1:29914 (LISTEN)
Python  49025 osvaldohm    5u  IPv4 0xcf83bff5a2189b7c      0t0  TCP 127.0.0.1:29914 (LISTEN)
Python  49026 osvaldohm    5u  IPv4 0xcf83bff5a2189b7c      0t0  TCP 127.0.0.1:29914 (LISTEN)
[*] Proceso(s) escuchando:
      48995     1 /Applications/Xcode.app/Contents/Developer/Library/Frameworks/Python3.framework/Versions/3.9/Resources/Python.app/Contents/MacOS/Python /Users/osvaldohm/Desktop/apps/prod/phantom-app-prod/backend/.venv/bin/uvicorn app.main:app --host 127.0.0.1 --port 29914 --workers 4 --log-level info
      49023 48995 /Applications/Xcode.app/Contents/Developer/Library/Frameworks/Python3.framework/Versions/3.9/Resources/Python.app/Contents/MacOS/Python -c from multiprocessing.spawn import spawn_main; spawn_main(tracker_fd=9, pipe_handle=11) --multiprocessing-fork
      49024 48995 /Applications/Xcode.app/Contents/Developer/Library/Frameworks/Python3.framework/Versions/3.9/Resources/Python.app/Contents/MacOS/Python -c from multiprocessing.spawn import spawn_main; spawn_main(tracker_fd=9, pipe_handle=15) --multiprocessing-fork
      49025 48995 /Applications/Xcode.app/Contents/Developer/Library/Frameworks/Python3.framework/Versions/3.9/Resources/Python.app/Contents/MacOS/Python -c from multiprocessing.spawn import spawn_main; spawn_main(tracker_fd=9, pipe_handle=19) --multiprocessing-fork
      49026 48995 /Applications/Xcode.app/Contents/Developer/Library/Frameworks/Python3.framework/Versions/3.9/Resources/Python.app/Contents/MacOS/Python -c from multiprocessing.spawn import spawn_main; spawn_main(tracker_fd=9, pipe_handle=23) --multiprocessing-fork
    (Parece un servidor Phantom / uvicorn / Next.js anterior.)
[*] PHANTOM_FORCE_PORTS=1 — cerrando sin preguntar.
[*] Terminando PID(s): 48995 49023 49024 49025 49026
[*] Enviando SIGINT/SIGTERM a PIDs: 48995 49023 49024 49025 49026
INFO:     Shutting down
INFO:     Shutting down
INFO:     Shutting down
INFO:     Shutting down
INFO:     Waiting for application shutdown.
INFO:     Application shutdown complete.
INFO:     Finished server process [49026]
INFO:     Waiting for application shutdown.
INFO:     Application shutdown complete.
INFO:     Finished server process [49024]
INFO:     Waiting for application shutdown.
INFO:     Application shutdown complete.
INFO:     Finished server process [49023]
INFO:     Waiting for application shutdown.
INFO:     Application shutdown complete.
INFO:     Finished server process [49025]
INFO:     Received SIGTERM, exiting.
INFO:     Waiting for child process [49023]
INFO:     Waiting for child process [49024]
INFO:     Waiting for child process [49025]
INFO:     Waiting for child process [49026]
INFO:     Stopping parent process [48995]
[+] Puerto 29914 libre.
[!] Puerto 29904 en uso (frontend).
COMMAND   PID      USER   FD   TYPE             DEVICE SIZE/OFF NODE NAME
node    49108 osvaldohm   20u  IPv6 0x1850d294a6541aa7      0t0  TCP *:29904 (LISTEN)
[*] Proceso(s) escuchando:
      49108     1 node server-prod.mjs
    (Parece un servidor Phantom / uvicorn / Next.js anterior.)
[*] PHANTOM_FORCE_PORTS=1 — cerrando sin preguntar.
[*] Terminando PID(s): 49108
[*] Enviando SIGINT/SIGTERM a PIDs: 49108
[+] Puerto 29904 libre.
[+] Backend (FastAPI, 4 workers, HTTP localhost)...
WARNING: You are using pip version 21.2.4; however, version 26.0.1 is available.
You should consider upgrading via the '/Users/osvaldohm/Desktop/apps/prod/phantom-app-prod/backend/.venv/bin/python3 -m pip install --upgrade pip' command.
[+] Database bootstrap (single process)...
Auth: tenants y usuarios semilla listos.
Database bootstrap complete.
[+] Frontend — building Next.js (production)...

> spectre@0.1.0 build
> next build

INFO:     Uvicorn running on http://127.0.0.1:29914 (Press CTRL+C to quit)
INFO:     Started parent process [50995]
▲ Next.js 16.2.4 (Turbopack)
- Environments: .env.local, .env
- Experiments (use with caution):
  · proxyClientMaxBodySize: "160mb"
  · proxyTimeout: 600000

  Creating an optimized production build ...
/Users/osvaldohm/Desktop/apps/prod/phantom-app-prod/backend/.venv/lib/python3.9/site-packages/urllib3/__init__.py:35: NotOpenSSLWarning: urllib3 v2 only supports OpenSSL 1.1.1+, currently the 'ssl' module is compiled with 'LibreSSL 2.8.3'. See: https://github.com/urllib3/urllib3/issues/3020
  warnings.warn(
/Users/osvaldohm/Desktop/apps/prod/phantom-app-prod/backend/.venv/lib/python3.9/site-packages/urllib3/__init__.py:35: NotOpenSSLWarning: urllib3 v2 only supports OpenSSL 1.1.1+, currently the 'ssl' module is compiled with 'LibreSSL 2.8.3'. See: https://github.com/urllib3/urllib3/issues/3020
  warnings.warn(
/Users/osvaldohm/Desktop/apps/prod/phantom-app-prod/backend/.venv/lib/python3.9/site-packages/urllib3/__init__.py:35: NotOpenSSLWarning: urllib3 v2 only supports OpenSSL 1.1.1+, currently the 'ssl' module is compiled with 'LibreSSL 2.8.3'. See: https://github.com/urllib3/urllib3/issues/3020
  warnings.warn(
/Users/osvaldohm/Desktop/apps/prod/phantom-app-prod/backend/.venv/lib/python3.9/site-packages/urllib3/__init__.py:35: NotOpenSSLWarning: urllib3 v2 only supports OpenSSL 1.1.1+, currently the 'ssl' module is compiled with 'LibreSSL 2.8.3'. See: https://github.com/urllib3/urllib3/issues/3020
  warnings.warn(
INFO:     Started server process [51027]
INFO:     Waiting for application startup.
INFO:     Started server process [51025]
INFO:     Waiting for application startup.
INFO:     Started server process [51028]
INFO:     Waiting for application startup.
ingest worker not started: Redis unavailable at redis://localhost:6379/0 (start redis or set INGEST_WORKER_ENABLED=false)
INFO:     Application startup complete.
ingest worker not started: Redis unavailable at redis://localhost:6379/0 (start redis or set INGEST_WORKER_ENABLED=false)
INFO:     Application startup complete.
ingest worker not started: Redis unavailable at redis://localhost:6379/0 (start redis or set INGEST_WORKER_ENABLED=false)
INFO:     Application startup complete.
INFO:     Started server process [51026]
INFO:     Waiting for application startup.
ingest worker not started: Redis unavailable at redis://localhost:6379/0 (start redis or set INGEST_WORKER_ENABLED=false)
INFO:     Application startup complete.
✓ Compiled successfully in 9.2s
  Running TypeScript ...
  Finished TypeScript in 10.2s ...
  Collecting page data using 7 workers ...
  Generating static pages using 7 workers (0/50) ...
  Generating static pages using 7 workers (12/50) 
  Generating static pages using 7 workers (24/50) 
  Generating static pages using 7 workers (37/50) 
✓ Generating static pages using 7 workers (50/50) in 483ms
  Finalizing page optimization ...

Route (app)
┌ ○ /
├ ○ /_not-found
├ ○ /admin
├ ○ /agents
├ ƒ /api/ai/analyze-raw-output
├ ƒ /api/ai/explain
├ ƒ /api/ai/generate-target-map
├ ƒ /api/ai/parse-walkthrough
├ ƒ /api/ai/split-findings
├ ƒ /api/ai/suggest
├ ƒ /api/ai/suggest-catalog-locale
├ ƒ /api/ai/suggest-catalog-spanish
├ ƒ /api/ai/suggest-finding
├ ƒ /api/ai/suggest-finding-field
├ ƒ /api/automation/mcp
├ ƒ /api/automation/ssh-run
├ ƒ /api/integration/amatista-config
├ ƒ /api/integration/amatista-webhook
├ ƒ /api/integration/cyber-notes
├ ƒ /api/pruebas-seguridad/suites
├ ƒ /api/secops-health
├ ƒ /api/secops/[...path]
├ ƒ /api/secops/audit-logs
├ ƒ /api/secops/ingest/[...path]
├ ƒ /api/vulnerabilities
├ ƒ /api/vulnerabilities/[id]
├ ƒ /api/vulns-catalog
├ ƒ /api/vulns-catalog/[id]
├ ƒ /api/vulns-catalog/bulk-replace
├ ƒ /api/vulns-catalog/export
├ ƒ /api/vulns-catalog/field-config
├ ƒ /api/vulns-catalog/from-finding
├ ƒ /api/vulns-catalog/import
├ ƒ /api/vulns-catalog/meta
├ ƒ /api/vulns-catalog/repair-encoding
├ ƒ /api/vulns-catalog/truncate-explicacion
├ ○ /assets
├ ○ /canvas
├ ○ /compliance
├ ○ /evaluaciones
├ ○ /evaluaciones-catalogo
├ ○ /icon.svg
├ ○ /ingesta-excel
├ ○ /login
├ ○ /login-client
├ ○ /portal
├ ○ /profile
├ ○ /pruebas-seguridad
├ ○ /pruebas-seguridad-catalogo
├ ○ /reports
├ ○ /sec-services
├ ○ /tools
├ ○ /tools/cyber-notes
├ ○ /tools/exposure
├ ○ /tools/methodologies-phantom
├ ○ /tools/nmap
├ ○ /tools/phantom
├ ○ /vul-catalog
├ ○ /vul-mgmt/admin
├ ○ /vul-mgmt/dashboard
├ ○ /vul-mgmt/hallazgos
├ ○ /vul-mgmt/ingesta
├ ○ /vul-mgmt/mapa
├ ƒ /vulnerability/[id]
└ ○ /vulns-catalog


ƒ Proxy (Middleware)

○  (Static)   prerendered as static content
ƒ  (Dynamic)  server-rendered on demand

[+] Frontend — HTTPS on port 29904 (all interfaces)...
[+] Next.js production HTTPS on all interfaces (dual-stack):29904
    https://localhost:29904
    https://192.168.0.175:29904
    https://100.107.190.11:29904
INFO:     127.0.0.1:58670 - "HEAD /health HTTP/1.1" 405 Method Not Allowed
INFO:     127.0.0.1:58679 - "GET /health HTTP/1.1" 200 OK
./phantom: line 1018: 50995 Killed: 9               uvicorn app.main:app --host 127.0.0.1 --port "$BACKEND_PORT" --workers "$UVICORN_WORKERS" --log-level info 2>&1
     50996 Done                    | tee -a "../storage/logs/phantom.log"  (wd: ~/Desktop/apps/prod/phantom-app-prod/backend)
./phantom: line 1018: 51169 Killed: 9               node server-prod.mjs

[-] Shutting down...
./phantom: line 963: BACKEND_PID: unbound variable
[+] Backend (FastAPI, 4 workers, HTTP localhost)...
WARNING: You are using pip version 21.2.4; however, version 26.0.1 is available.
You should consider upgrading via the '/Users/osvaldohm/Desktop/apps/prod/phantom-app-prod/backend/.venv/bin/python3 -m pip install --upgrade pip' command.
[+] Database bootstrap (single process)...
Auth: tenants y usuarios semilla listos.
Database bootstrap complete.
[+] Frontend — building Next.js (production)...

> spectre@0.1.0 build
> next build

INFO:     Uvicorn running on http://127.0.0.1:29914 (Press CTRL+C to quit)
INFO:     Started parent process [17359]
▲ Next.js 16.2.4 (Turbopack)
- Environments: .env.local, .env
- Experiments (use with caution):
  · proxyClientMaxBodySize: "160mb"
  · proxyTimeout: 600000

  Creating an optimized production build ...
/Users/osvaldohm/Desktop/apps/prod/phantom-app-prod/backend/.venv/lib/python3.9/site-packages/urllib3/__init__.py:35: NotOpenSSLWarning: urllib3 v2 only supports OpenSSL 1.1.1+, currently the 'ssl' module is compiled with 'LibreSSL 2.8.3'. See: https://github.com/urllib3/urllib3/issues/3020
  warnings.warn(
/Users/osvaldohm/Desktop/apps/prod/phantom-app-prod/backend/.venv/lib/python3.9/site-packages/urllib3/__init__.py:35: NotOpenSSLWarning: urllib3 v2 only supports OpenSSL 1.1.1+, currently the 'ssl' module is compiled with 'LibreSSL 2.8.3'. See: https://github.com/urllib3/urllib3/issues/3020
  warnings.warn(
/Users/osvaldohm/Desktop/apps/prod/phantom-app-prod/backend/.venv/lib/python3.9/site-packages/urllib3/__init__.py:35: NotOpenSSLWarning: urllib3 v2 only supports OpenSSL 1.1.1+, currently the 'ssl' module is compiled with 'LibreSSL 2.8.3'. See: https://github.com/urllib3/urllib3/issues/3020
  warnings.warn(
/Users/osvaldohm/Desktop/apps/prod/phantom-app-prod/backend/.venv/lib/python3.9/site-packages/urllib3/__init__.py:35: NotOpenSSLWarning: urllib3 v2 only supports OpenSSL 1.1.1+, currently the 'ssl' module is compiled with 'LibreSSL 2.8.3'. See: https://github.com/urllib3/urllib3/issues/3020
  warnings.warn(
INFO:     Started server process [17387]
INFO:     Waiting for application startup.
INFO:     Started server process [17388]
INFO:     Waiting for application startup.
INFO:     Started server process [17390]
INFO:     Waiting for application startup.
INFO:     Started server process [17389]
INFO:     Waiting for application startup.
ingest worker not started: Redis unavailable at redis://localhost:6379/0 (start redis or set INGEST_WORKER_ENABLED=false)
INFO:     Application startup complete.
ingest worker not started: Redis unavailable at redis://localhost:6379/0 (start redis or set INGEST_WORKER_ENABLED=false)
INFO:     Application startup complete.
ingest worker not started: Redis unavailable at redis://localhost:6379/0 (start redis or set INGEST_WORKER_ENABLED=false)
ingest worker not started: Redis unavailable at redis://localhost:6379/0 (start redis or set INGEST_WORKER_ENABLED=false)
INFO:     Application startup complete.
INFO:     Application startup complete.
✓ Compiled successfully in 10.2s
  Running TypeScript ...
  Finished TypeScript in 11.5s ...
  Collecting page data using 7 workers ...
  Generating static pages using 7 workers (0/50) ...
  Generating static pages using 7 workers (12/50) 
  Generating static pages using 7 workers (24/50) 
  Generating static pages using 7 workers (37/50) 
✓ Generating static pages using 7 workers (50/50) in 586ms
  Finalizing page optimization ...

Route (app)
┌ ○ /
├ ○ /_not-found
├ ○ /admin
├ ○ /agents
├ ƒ /api/ai/analyze-raw-output
├ ƒ /api/ai/explain
├ ƒ /api/ai/generate-target-map
├ ƒ /api/ai/parse-walkthrough
├ ƒ /api/ai/split-findings
├ ƒ /api/ai/suggest
├ ƒ /api/ai/suggest-catalog-locale
├ ƒ /api/ai/suggest-catalog-spanish
├ ƒ /api/ai/suggest-finding
├ ƒ /api/ai/suggest-finding-field
├ ƒ /api/automation/mcp
├ ƒ /api/automation/ssh-run
├ ƒ /api/integration/amatista-config
├ ƒ /api/integration/amatista-webhook
├ ƒ /api/integration/cyber-notes
├ ƒ /api/pruebas-seguridad/suites
├ ƒ /api/secops-health
├ ƒ /api/secops/[...path]
├ ƒ /api/secops/audit-logs
├ ƒ /api/secops/ingest/[...path]
├ ƒ /api/vulnerabilities
├ ƒ /api/vulnerabilities/[id]
├ ƒ /api/vulns-catalog
├ ƒ /api/vulns-catalog/[id]
├ ƒ /api/vulns-catalog/bulk-replace
├ ƒ /api/vulns-catalog/export
├ ƒ /api/vulns-catalog/field-config
├ ƒ /api/vulns-catalog/from-finding
├ ƒ /api/vulns-catalog/import
├ ƒ /api/vulns-catalog/meta
├ ƒ /api/vulns-catalog/repair-encoding
├ ƒ /api/vulns-catalog/truncate-explicacion
├ ○ /assets
├ ○ /canvas
├ ○ /compliance
├ ○ /evaluaciones
├ ○ /evaluaciones-catalogo
├ ○ /icon.svg
├ ○ /ingesta-excel
├ ○ /login
├ ○ /login-client
├ ○ /portal
├ ○ /profile
├ ○ /pruebas-seguridad
├ ○ /pruebas-seguridad-catalogo
├ ○ /reports
├ ○ /sec-services
├ ○ /tools
├ ○ /tools/cyber-notes
├ ○ /tools/exposure
├ ○ /tools/methodologies-phantom
├ ○ /tools/nmap
├ ○ /tools/phantom
├ ○ /vul-catalog
├ ○ /vul-mgmt/admin
├ ○ /vul-mgmt/dashboard
├ ○ /vul-mgmt/hallazgos
├ ○ /vul-mgmt/ingesta
├ ○ /vul-mgmt/mapa
├ ƒ /vulnerability/[id]
└ ○ /vulns-catalog


ƒ Proxy (Middleware)

○  (Static)   prerendered as static content
ƒ  (Dynamic)  server-rendered on demand

[+] Frontend — HTTPS on port 29904 (all interfaces)...
[+] Next.js production HTTPS on all interfaces (dual-stack):29904
    https://localhost:29904
    https://192.168.0.175:29904
    https://100.107.190.11:29904
INFO:     100.113.214.7:0 - "POST /api/v1/auth/login HTTP/1.1" 200 OK
INFO:     100.113.214.7:0 - "GET /api/v1/branding/assets/96f8a280-692c-42a6-a2c0-b198815c1859/logo.jpg HTTP/1.1" 200 OK
INFO:     100.113.214.7:0 - "GET /api/v1/findings/stats/platform HTTP/1.1" 200 OK
INFO:     100.113.214.7:0 - "GET /api/v1/findings?limit=500 HTTP/1.1" 200 OK
INFO:     100.113.214.7:0 - "GET /api/v1/engagements HTTP/1.1" 200 OK
INFO:     100.113.214.7:0 - "GET /api/v1/findings/stats/platform HTTP/1.1" 200 OK
INFO:     100.113.214.7:0 - "GET /api/v1/compliance/frameworks HTTP/1.1" 200 OK
INFO:     100.113.214.7:0 - "GET /api/v1/compliance/frameworks HTTP/1.1" 200 OK
INFO:     100.113.214.7:0 - "GET /api/v1/compliance/controls?framework=ISO27001 HTTP/1.1" 200 OK
INFO:     100.113.214.7:0 - "GET /api/v1/auth/me HTTP/1.1" 200 OK
INFO:     100.113.214.7:0 - "GET /api/v1/auth/me HTTP/1.1" 200 OK
INFO:     100.113.214.7:0 - "GET /api/v1/auth/me HTTP/1.1" 401 Unauthorized
[!] Puerto 29914 en uso (backend).
COMMAND   PID      USER   FD   TYPE             DEVICE SIZE/OFF NODE NAME
Python  17359 osvaldohm    5u  IPv4 0x7f9f5c2d4ab4247d      0t0  TCP 127.0.0.1:29914 (LISTEN)
Python  17387 osvaldohm    5u  IPv4 0x7f9f5c2d4ab4247d      0t0  TCP 127.0.0.1:29914 (LISTEN)
Python  17388 osvaldohm    5u  IPv4 0x7f9f5c2d4ab4247d      0t0  TCP 127.0.0.1:29914 (LISTEN)
Python  17389 osvaldohm    5u  IPv4 0x7f9f5c2d4ab4247d      0t0  TCP 127.0.0.1:29914 (LISTEN)
Python  17390 osvaldohm    5u  IPv4 0x7f9f5c2d4ab4247d      0t0  TCP 127.0.0.1:29914 (LISTEN)
[*] Proceso(s) escuchando:
      17359     1 /Applications/Xcode.app/Contents/Developer/Library/Frameworks/Python3.framework/Versions/3.9/Resources/Python.app/Contents/MacOS/Python /Users/osvaldohm/Desktop/apps/prod/phantom-app-prod/backend/.venv/bin/uvicorn app.main:app --host 127.0.0.1 --port 29914 --workers 4 --log-level info
      17387 17359 /Applications/Xcode.app/Contents/Developer/Library/Frameworks/Python3.framework/Versions/3.9/Resources/Python.app/Contents/MacOS/Python -c from multiprocessing.spawn import spawn_main; spawn_main(tracker_fd=9, pipe_handle=11) --multiprocessing-fork
      17388 17359 /Applications/Xcode.app/Contents/Developer/Library/Frameworks/Python3.framework/Versions/3.9/Resources/Python.app/Contents/MacOS/Python -c from multiprocessing.spawn import spawn_main; spawn_main(tracker_fd=9, pipe_handle=15) --multiprocessing-fork
      17389 17359 /Applications/Xcode.app/Contents/Developer/Library/Frameworks/Python3.framework/Versions/3.9/Resources/Python.app/Contents/MacOS/Python -c from multiprocessing.spawn import spawn_main; spawn_main(tracker_fd=9, pipe_handle=19) --multiprocessing-fork
      17390 17359 /Applications/Xcode.app/Contents/Developer/Library/Frameworks/Python3.framework/Versions/3.9/Resources/Python.app/Contents/MacOS/Python -c from multiprocessing.spawn import spawn_main; spawn_main(tracker_fd=9, pipe_handle=23) --multiprocessing-fork
    (Parece un servidor Phantom / uvicorn / Next.js anterior.)
[*] PHANTOM_FORCE_PORTS=1 — cerrando sin preguntar.
[*] Terminando PID(s): 17359 17387 17388 17389 17390
[*] Enviando SIGINT/SIGTERM a PIDs: 17359 17387 17388 17389 17390
INFO:     Shutting down
INFO:     Shutting down
INFO:     Shutting down
INFO:     Shutting down
INFO:     Waiting for application shutdown.
INFO:     Waiting for application shutdown.
INFO:     Waiting for application shutdown.
INFO:     Waiting for application shutdown.
INFO:     Received SIGTERM, exiting.
INFO:     Terminated child process [17387]
INFO:     Terminated child process [17388]
INFO:     Terminated child process [17389]
INFO:     Terminated child process [17390]
INFO:     Waiting for child process [17387]
INFO:     Application shutdown complete.
INFO:     Finished server process [17389]
INFO:     Application shutdown complete.
INFO:     Application shutdown complete.
INFO:     Finished server process [17388]
INFO:     Finished server process [17390]
INFO:     Application shutdown complete.
INFO:     Finished server process [17387]
INFO:     Waiting for child process [17388]
INFO:     Waiting for child process [17389]
INFO:     Waiting for child process [17390]
INFO:     Stopping parent process [17359]
[+] Puerto 29914 libre.
[!] Puerto 29904 en uso (frontend).
COMMAND   PID      USER   FD   TYPE             DEVICE SIZE/OFF NODE NAME
node    17758 osvaldohm   20u  IPv6 0xf4070ad48dd36440      0t0  TCP *:29904 (LISTEN)
[*] Proceso(s) escuchando:
      17758     1 node server-prod.mjs
    (Parece un servidor Phantom / uvicorn / Next.js anterior.)
[*] PHANTOM_FORCE_PORTS=1 — cerrando sin preguntar.
[*] Terminando PID(s): 17758
[*] Enviando SIGINT/SIGTERM a PIDs: 17758
[+] Puerto 29904 libre.
[+] Backend (FastAPI, 4 workers, HTTP localhost)...
./phantom: line 1012: .venv/bin/activate: No such file or directory

[-] Shutting down...
[+] Stopped.
[+] Backend (FastAPI, 4 workers, HTTP localhost)...
WARNING: You are using pip version 21.2.4; however, version 26.0.1 is available.
You should consider upgrading via the '/Users/osvaldohm/Desktop/apps/prod/phantom-app-prod/backend/.venv/bin/python3 -m pip install --upgrade pip' command.
[+] Database bootstrap (single process)...
Auth: tenants y usuarios semilla listos.
Database bootstrap complete.
[+] Frontend — building Next.js (production)...

> spectre@0.1.0 build
> next build

INFO:     Uvicorn running on http://127.0.0.1:29914 (Press CTRL+C to quit)
INFO:     Started parent process [22290]
▲ Next.js 16.2.4 (Turbopack)
- Environments: .env.local, .env
- Experiments (use with caution):
  · proxyClientMaxBodySize: "160mb"
  · proxyTimeout: 600000

  Creating an optimized production build ...
/Users/osvaldohm/Desktop/apps/prod/phantom-app-prod/backend/.venv/lib/python3.9/site-packages/urllib3/__init__.py:35: NotOpenSSLWarning: urllib3 v2 only supports OpenSSL 1.1.1+, currently the 'ssl' module is compiled with 'LibreSSL 2.8.3'. See: https://github.com/urllib3/urllib3/issues/3020
  warnings.warn(
/Users/osvaldohm/Desktop/apps/prod/phantom-app-prod/backend/.venv/lib/python3.9/site-packages/urllib3/__init__.py:35: NotOpenSSLWarning: urllib3 v2 only supports OpenSSL 1.1.1+, currently the 'ssl' module is compiled with 'LibreSSL 2.8.3'. See: https://github.com/urllib3/urllib3/issues/3020
  warnings.warn(
/Users/osvaldohm/Desktop/apps/prod/phantom-app-prod/backend/.venv/lib/python3.9/site-packages/urllib3/__init__.py:35: NotOpenSSLWarning: urllib3 v2 only supports OpenSSL 1.1.1+, currently the 'ssl' module is compiled with 'LibreSSL 2.8.3'. See: https://github.com/urllib3/urllib3/issues/3020
  warnings.warn(
/Users/osvaldohm/Desktop/apps/prod/phantom-app-prod/backend/.venv/lib/python3.9/site-packages/urllib3/__init__.py:35: NotOpenSSLWarning: urllib3 v2 only supports OpenSSL 1.1.1+, currently the 'ssl' module is compiled with 'LibreSSL 2.8.3'. See: https://github.com/urllib3/urllib3/issues/3020
  warnings.warn(
INFO:     Started server process [22319]
INFO:     Waiting for application startup.
INFO:     Started server process [22320]
INFO:     Waiting for application startup.
INFO:     Started server process [22322]
INFO:     Waiting for application startup.
INFO:     Started server process [22321]
INFO:     Waiting for application startup.
ingest worker not started: Redis unavailable at redis://localhost:6379/0 (start redis or set INGEST_WORKER_ENABLED=false)
INFO:     Application startup complete.
ingest worker not started: Redis unavailable at redis://localhost:6379/0 (start redis or set INGEST_WORKER_ENABLED=false)
INFO:     Application startup complete.
ingest worker not started: Redis unavailable at redis://localhost:6379/0 (start redis or set INGEST_WORKER_ENABLED=false)
INFO:     Application startup complete.
ingest worker not started: Redis unavailable at redis://localhost:6379/0 (start redis or set INGEST_WORKER_ENABLED=false)
INFO:     Application startup complete.
✓ Compiled successfully in 8.2s
  Running TypeScript ...
  Finished TypeScript in 9.9s ...
  Collecting page data using 7 workers ...
  Generating static pages using 7 workers (0/51) ...
  Generating static pages using 7 workers (12/51) 
  Generating static pages using 7 workers (25/51) 
  Generating static pages using 7 workers (38/51) 
✓ Generating static pages using 7 workers (51/51) in 371ms
  Finalizing page optimization ...

Route (app)
┌ ○ /
├ ○ /_not-found
├ ○ /admin
├ ○ /agents
├ ƒ /api/ai/analyze-raw-output
├ ƒ /api/ai/explain
├ ƒ /api/ai/generate-target-map
├ ƒ /api/ai/parse-walkthrough
├ ƒ /api/ai/split-findings
├ ƒ /api/ai/suggest
├ ƒ /api/ai/suggest-catalog-locale
├ ƒ /api/ai/suggest-catalog-spanish
├ ƒ /api/ai/suggest-finding
├ ƒ /api/ai/suggest-finding-field
├ ƒ /api/automation/mcp
├ ƒ /api/automation/ssh-run
├ ƒ /api/cert
├ ƒ /api/integration/amatista-config
├ ƒ /api/integration/amatista-webhook
├ ƒ /api/integration/cyber-notes
├ ƒ /api/pruebas-seguridad/suites
├ ƒ /api/secops-health
├ ƒ /api/secops/[...path]
├ ƒ /api/secops/audit-logs
├ ƒ /api/secops/ingest/[...path]
├ ƒ /api/version
├ ƒ /api/vulnerabilities
├ ƒ /api/vulnerabilities/[id]
├ ƒ /api/vulns-catalog
├ ƒ /api/vulns-catalog/[id]
├ ƒ /api/vulns-catalog/bulk-replace
├ ƒ /api/vulns-catalog/export
├ ƒ /api/vulns-catalog/field-config
├ ƒ /api/vulns-catalog/from-finding
├ ƒ /api/vulns-catalog/import
├ ƒ /api/vulns-catalog/meta
├ ƒ /api/vulns-catalog/repair-encoding
├ ƒ /api/vulns-catalog/truncate-explicacion
├ ○ /assets
├ ○ /canvas
├ ○ /cert
├ ○ /compliance
├ ○ /evaluaciones
├ ○ /evaluaciones-catalogo
├ ○ /icon.svg
├ ○ /ingesta-excel
├ ○ /login
├ ○ /login-client
├ ○ /portal
├ ○ /profile
├ ○ /pruebas-seguridad
├ ○ /pruebas-seguridad-catalogo
├ ○ /reports
├ ○ /sec-services
├ ƒ /share/[hash]
├ ○ /tools
├ ○ /tools/cyber-notes
├ ○ /tools/exposure
├ ○ /tools/methodologies-phantom
├ ○ /tools/nmap
├ ○ /tools/phantom
├ ○ /vul-catalog
├ ○ /vul-mgmt/admin
├ ○ /vul-mgmt/dashboard
├ ○ /vul-mgmt/hallazgos
├ ○ /vul-mgmt/ingesta
├ ○ /vul-mgmt/mapa
├ ƒ /vulnerability/[id]
└ ○ /vulns-catalog


ƒ Proxy (Middleware)

○  (Static)   prerendered as static content
ƒ  (Dynamic)  server-rendered on demand

[+] Frontend — HTTPS on port 29904 (all interfaces)...
[+] Next.js production HTTPS on all interfaces (dual-stack):29904
    https://localhost:29904
    https://192.168.0.175:29904
    https://100.107.190.11:29904
INFO:     100.107.190.11:0 - "POST /api/v1/auth/login HTTP/1.1" 200 OK
INFO:     100.107.190.11:0 - "GET /api/v1/branding/assets/96f8a280-692c-42a6-a2c0-b198815c1859/logo.jpg HTTP/1.1" 200 OK
INFO:     100.107.190.11:0 - "GET /api/v1/findings/stats/platform HTTP/1.1" 200 OK
INFO:     100.107.190.11:0 - "GET /api/v1/findings?limit=500 HTTP/1.1" 200 OK
INFO:     100.107.190.11:0 - "GET /api/v1/engagements HTTP/1.1" 200 OK
INFO:     100.107.190.11:0 - "GET /api/v1/engagements HTTP/1.1" 200 OK
INFO:     100.107.190.11:0 - "POST /api/v1/shared-missions/engagements/5ba1b20f-0b6d-40b5-ace8-3a1e00f62ed2 HTTP/1.1" 200 OK
INFO:     100.107.190.11:0 - "GET /api/v1/auth/me HTTP/1.1" 200 OK
INFO:     100.107.190.11:0 - "POST /api/v1/shared-missions/99d4c08f06234b59acba85da4a06f0b7/unlock HTTP/1.1" 200 OK
INFO:     100.113.214.7:0 - "POST /api/v1/auth/login HTTP/1.1" 200 OK
INFO:     100.113.214.7:0 - "GET /api/v1/branding/assets/96f8a280-692c-42a6-a2c0-b198815c1859/logo.jpg HTTP/1.1" 200 OK
INFO:     100.113.214.7:0 - "GET /api/v1/findings/stats/platform HTTP/1.1" 200 OK
INFO:     100.113.214.7:0 - "GET /api/v1/findings?limit=500 HTTP/1.1" 200 OK
INFO:     100.113.214.7:0 - "GET /api/v1/engagements HTTP/1.1" 200 OK
INFO:     100.113.214.7:0 - "GET /api/v1/engagements HTTP/1.1" 200 OK
INFO:     100.113.214.7:0 - "POST /api/v1/shared-missions/engagements/5ba1b20f-0b6d-40b5-ace8-3a1e00f62ed2 HTTP/1.1" 200 OK
INFO:     100.113.214.7:0 - "GET /api/v1/auth/me HTTP/1.1" 200 OK
INFO:     100.113.214.7:0 - "POST /api/v1/shared-missions/2aa429d09a044b97aaad4b943c72e34e/unlock HTTP/1.1" 401 Unauthorized
INFO:     100.113.214.7:0 - "POST /api/v1/shared-missions/2aa429d09a044b97aaad4b943c72e34e/unlock HTTP/1.1" 200 OK
INFO:     100.113.214.7:0 - "GET /api/v1/admin/tenants HTTP/1.1" 200 OK
INFO:     100.113.214.7:0 - "GET /api/v1/branding/tenants/96f8a280-692c-42a6-a2c0-b198815c1859 HTTP/1.1" 200 OK
INFO:     100.113.214.7:0 - "GET /api/v1/admin/users HTTP/1.1" 200 OK
INFO:     100.113.214.7:0 - "GET /api/v1/admin/tenants HTTP/1.1" 200 OK
INFO:     100.113.214.7:0 - "GET /api/v1/admin/users HTTP/1.1" 200 OK
INFO:     100.113.214.7:0 - "GET /api/v1/admin/tenants HTTP/1.1" 200 OK
INFO:     100.113.214.7:0 - "GET /api/v1/engagements HTTP/1.1" 200 OK
INFO:     100.113.214.7:0 - "GET /api/v1/engagements HTTP/1.1" 200 OK
INFO:     100.113.214.7:0 - "GET /api/v1/branding/tenants/96f8a280-692c-42a6-a2c0-b198815c1859 HTTP/1.1" 200 OK
INFO:     100.113.214.7:0 - "GET /api/v1/admin/tenants HTTP/1.1" 200 OK
INFO:     100.113.214.7:0 - "GET /api/v1/admin/users HTTP/1.1" 200 OK
INFO:     100.113.214.7:0 - "GET /api/v1/admin/tenants HTTP/1.1" 200 OK
INFO:     100.113.214.7:0 - "GET /api/v1/admin/users HTTP/1.1" 200 OK
INFO:     100.113.214.7:0 - "GET /api/v1/admin/tenants HTTP/1.1" 200 OK
INFO:     100.113.214.7:0 - "GET /api/v1/engagements HTTP/1.1" 200 OK
INFO:     100.113.214.7:0 - "GET /api/v1/engagements HTTP/1.1" 200 OK
INFO:     100.113.214.7:0 - "GET /api/v1/findings?engagement_id=5ba1b20f-0b6d-40b5-ace8-3a1e00f62ed2&limit=500 HTTP/1.1" 200 OK
INFO:     100.113.214.7:0 - "GET /api/v1/findings/stats/platform HTTP/1.1" 200 OK
INFO:     100.113.214.7:0 - "GET /api/v1/branding/tenants/96f8a280-692c-42a6-a2c0-b198815c1859 HTTP/1.1" 200 OK
INFO:     100.113.214.7:0 - "GET /api/v1/admin/tenants HTTP/1.1" 200 OK
INFO:     100.113.214.7:0 - "GET /api/v1/findings?limit=500 HTTP/1.1" 200 OK
INFO:     100.113.214.7:0 - "GET /api/v1/admin/users HTTP/1.1" 200 OK
INFO:     100.113.214.7:0 - "GET /api/v1/admin/tenants HTTP/1.1" 200 OK
INFO:     100.113.214.7:0 - "GET /api/v1/admin/users HTTP/1.1" 200 OK
INFO:     100.113.214.7:0 - "GET /api/v1/admin/tenants HTTP/1.1" 200 OK
[!] Puerto 29914 en uso (backend).
COMMAND   PID      USER   FD   TYPE             DEVICE SIZE/OFF NODE NAME
Python  22290 osvaldohm    5u  IPv4 0x1bcca5c8c9d821b7      0t0  TCP 127.0.0.1:29914 (LISTEN)
Python  22319 osvaldohm    5u  IPv4 0x1bcca5c8c9d821b7      0t0  TCP 127.0.0.1:29914 (LISTEN)
Python  22320 osvaldohm    5u  IPv4 0x1bcca5c8c9d821b7      0t0  TCP 127.0.0.1:29914 (LISTEN)
Python  22321 osvaldohm    5u  IPv4 0x1bcca5c8c9d821b7      0t0  TCP 127.0.0.1:29914 (LISTEN)
Python  22322 osvaldohm    5u  IPv4 0x1bcca5c8c9d821b7      0t0  TCP 127.0.0.1:29914 (LISTEN)
[*] Proceso(s) escuchando:
      22290     1 /Applications/Xcode.app/Contents/Developer/Library/Frameworks/Python3.framework/Versions/3.9/Resources/Python.app/Contents/MacOS/Python /Users/osvaldohm/Desktop/apps/prod/phantom-app-prod/backend/.venv/bin/uvicorn app.main:app --host 127.0.0.1 --port 29914 --workers 4 --log-level info
      22319 22290 /Applications/Xcode.app/Contents/Developer/Library/Frameworks/Python3.framework/Versions/3.9/Resources/Python.app/Contents/MacOS/Python -c from multiprocessing.spawn import spawn_main; spawn_main(tracker_fd=9, pipe_handle=11) --multiprocessing-fork
      22320 22290 /Applications/Xcode.app/Contents/Developer/Library/Frameworks/Python3.framework/Versions/3.9/Resources/Python.app/Contents/MacOS/Python -c from multiprocessing.spawn import spawn_main; spawn_main(tracker_fd=9, pipe_handle=15) --multiprocessing-fork
      22321 22290 /Applications/Xcode.app/Contents/Developer/Library/Frameworks/Python3.framework/Versions/3.9/Resources/Python.app/Contents/MacOS/Python -c from multiprocessing.spawn import spawn_main; spawn_main(tracker_fd=9, pipe_handle=19) --multiprocessing-fork
      22322 22290 /Applications/Xcode.app/Contents/Developer/Library/Frameworks/Python3.framework/Versions/3.9/Resources/Python.app/Contents/MacOS/Python -c from multiprocessing.spawn import spawn_main; spawn_main(tracker_fd=9, pipe_handle=23) --multiprocessing-fork
    (Parece un servidor Phantom / uvicorn / Next.js anterior.)
[*] PHANTOM_FORCE_PORTS=1 — cerrando sin preguntar.
[*] Terminando PID(s): 22290 22319 22320 22321 22322
[*] Enviando SIGINT/SIGTERM a PIDs: 22290 22319 22320 22321 22322
INFO:     Shutting down
INFO:     Received SIGTERM, exiting.
INFO:     Terminated child process [22319]
INFO:     Terminated child process [22320]
INFO:     Terminated child process [22321]
INFO:     Terminated child process [22322]
INFO:     Waiting for child process [22319]
INFO:     Shutting down
INFO:     Shutting down
INFO:     Shutting down
INFO:     Waiting for application shutdown.
INFO:     Application shutdown complete.
INFO:     Finished server process [22319]
INFO:     Waiting for child process [22320]
INFO:     Waiting for application shutdown.
INFO:     Waiting for application shutdown.
INFO:     Application shutdown complete.
INFO:     Application shutdown complete.
INFO:     Finished server process [22321]
INFO:     Finished server process [22320]
INFO:     Waiting for child process [22321]
INFO:     Waiting for child process [22322]
INFO:     Waiting for application shutdown.
INFO:     Application shutdown complete.
INFO:     Finished server process [22322]
INFO:     Stopping parent process [22290]
[+] Puerto 29914 libre.
[!] Puerto 29904 en uso (frontend).
COMMAND   PID      USER   FD   TYPE             DEVICE SIZE/OFF NODE NAME
node    22482 osvaldohm   20u  IPv6 0x1e23285636237c46      0t0  TCP *:29904 (LISTEN)
[*] Proceso(s) escuchando:
      22482     1 node server-prod.mjs
    (Parece un servidor Phantom / uvicorn / Next.js anterior.)
[*] PHANTOM_FORCE_PORTS=1 — cerrando sin preguntar.
[*] Terminando PID(s): 22482
[*] Enviando SIGINT/SIGTERM a PIDs: 22482
[+] Puerto 29904 libre.
[+] Backend (FastAPI, 4 workers, HTTP localhost)...
WARNING: You are using pip version 21.2.4; however, version 26.0.1 is available.
You should consider upgrading via the '/Users/osvaldohm/Desktop/apps/prod/phantom-app-prod/backend/.venv/bin/python3 -m pip install --upgrade pip' command.
[+] Database bootstrap (single process)...
Auth: tenants y usuarios semilla listos.
Database bootstrap complete.
[+] Frontend — building Next.js (production)...
INFO:     Uvicorn running on http://127.0.0.1:29914 (Press CTRL+C to quit)
INFO:     Started parent process [20691]

> spectre@0.1.0 build
> next build

▲ Next.js 16.2.4 (Turbopack)
- Environments: .env.local, .env
- Experiments (use with caution):
  · proxyClientMaxBodySize: "160mb"
  · proxyTimeout: 600000

  Creating an optimized production build ...
/Users/osvaldohm/Desktop/apps/prod/phantom-app-prod/backend/.venv/lib/python3.9/site-packages/urllib3/__init__.py:35: NotOpenSSLWarning: urllib3 v2 only supports OpenSSL 1.1.1+, currently the 'ssl' module is compiled with 'LibreSSL 2.8.3'. See: https://github.com/urllib3/urllib3/issues/3020
  warnings.warn(
/Users/osvaldohm/Desktop/apps/prod/phantom-app-prod/backend/.venv/lib/python3.9/site-packages/urllib3/__init__.py:35: NotOpenSSLWarning: urllib3 v2 only supports OpenSSL 1.1.1+, currently the 'ssl' module is compiled with 'LibreSSL 2.8.3'. See: https://github.com/urllib3/urllib3/issues/3020
  warnings.warn(
/Users/osvaldohm/Desktop/apps/prod/phantom-app-prod/backend/.venv/lib/python3.9/site-packages/urllib3/__init__.py:35: NotOpenSSLWarning: urllib3 v2 only supports OpenSSL 1.1.1+, currently the 'ssl' module is compiled with 'LibreSSL 2.8.3'. See: https://github.com/urllib3/urllib3/issues/3020
  warnings.warn(
/Users/osvaldohm/Desktop/apps/prod/phantom-app-prod/backend/.venv/lib/python3.9/site-packages/urllib3/__init__.py:35: NotOpenSSLWarning: urllib3 v2 only supports OpenSSL 1.1.1+, currently the 'ssl' module is compiled with 'LibreSSL 2.8.3'. See: https://github.com/urllib3/urllib3/issues/3020
  warnings.warn(
INFO:     Started server process [20726]
INFO:     Waiting for application startup.
INFO:     Started server process [20725]
INFO:     Waiting for application startup.
INFO:     Started server process [20727]
INFO:     Waiting for application startup.
INFO:     Started server process [20728]
INFO:     Waiting for application startup.
ingest worker not started: Redis unavailable at redis://localhost:6379/0 (start redis or set INGEST_WORKER_ENABLED=false)
ingest worker not started: Redis unavailable at redis://localhost:6379/0 (start redis or set INGEST_WORKER_ENABLED=false)
INFO:     Application startup complete.
INFO:     Application startup complete.
ingest worker not started: Redis unavailable at redis://localhost:6379/0 (start redis or set INGEST_WORKER_ENABLED=false)
INFO:     Application startup complete.
ingest worker not started: Redis unavailable at redis://localhost:6379/0 (start redis or set INGEST_WORKER_ENABLED=false)
INFO:     Application startup complete.
✓ Compiled successfully in 6.8s
  Running TypeScript ...
  Finished TypeScript in 10.2s ...
  Collecting page data using 7 workers ...
  Generating static pages using 7 workers (0/51) ...
  Generating static pages using 7 workers (12/51) 
  Generating static pages using 7 workers (25/51) 
  Generating static pages using 7 workers (38/51) 
✓ Generating static pages using 7 workers (51/51) in 387ms
  Finalizing page optimization ...

Route (app)
┌ ○ /
├ ○ /_not-found
├ ○ /admin
├ ○ /agents
├ ƒ /api/ai/analyze-raw-output
├ ƒ /api/ai/explain
├ ƒ /api/ai/generate-target-map
├ ƒ /api/ai/parse-walkthrough
├ ƒ /api/ai/split-findings
├ ƒ /api/ai/suggest
├ ƒ /api/ai/suggest-catalog-locale
├ ƒ /api/ai/suggest-catalog-spanish
├ ƒ /api/ai/suggest-finding
├ ƒ /api/ai/suggest-finding-field
├ ƒ /api/automation/mcp
├ ƒ /api/automation/ssh-run
├ ƒ /api/cert
├ ƒ /api/integration/amatista-config
├ ƒ /api/integration/amatista-webhook
├ ƒ /api/integration/cyber-notes
├ ƒ /api/pruebas-seguridad/suites
├ ƒ /api/secops-health
├ ƒ /api/secops/[...path]
├ ƒ /api/secops/audit-logs
├ ƒ /api/secops/ingest/[...path]
├ ƒ /api/version
├ ƒ /api/vulnerabilities
├ ƒ /api/vulnerabilities/[id]
├ ƒ /api/vulns-catalog
├ ƒ /api/vulns-catalog/[id]
├ ƒ /api/vulns-catalog/bulk-replace
├ ƒ /api/vulns-catalog/export
├ ƒ /api/vulns-catalog/field-config
├ ƒ /api/vulns-catalog/from-finding
├ ƒ /api/vulns-catalog/import
├ ƒ /api/vulns-catalog/meta
├ ƒ /api/vulns-catalog/repair-encoding
├ ƒ /api/vulns-catalog/truncate-explicacion
├ ○ /assets
├ ○ /canvas
├ ○ /cert
├ ○ /compliance
├ ○ /evaluaciones
├ ○ /evaluaciones-catalogo
├ ○ /icon.svg
├ ○ /ingesta-excel
├ ○ /login
├ ○ /login-client
├ ○ /portal
├ ○ /profile
├ ○ /pruebas-seguridad
├ ○ /pruebas-seguridad-catalogo
├ ○ /reports
├ ○ /sec-services
├ ƒ /share/[hash]
├ ○ /tools
├ ○ /tools/cyber-notes
├ ○ /tools/exposure
├ ○ /tools/methodologies-phantom
├ ○ /tools/nmap
├ ○ /tools/phantom
├ ○ /vul-catalog
├ ○ /vul-mgmt/admin
├ ○ /vul-mgmt/dashboard
├ ○ /vul-mgmt/hallazgos
├ ○ /vul-mgmt/ingesta
├ ○ /vul-mgmt/mapa
├ ƒ /vulnerability/[id]
└ ○ /vulns-catalog


ƒ Proxy (Middleware)

○  (Static)   prerendered as static content
ƒ  (Dynamic)  server-rendered on demand

[+] Frontend — HTTPS on port 29904 (all interfaces)...
[+] Next.js production HTTPS on all interfaces (dual-stack):29904
    https://localhost:29904
    https://192.168.0.175:29904
    https://100.107.190.11:29904
INFO:     100.113.214.7:0 - "GET /api/v1/auth/me HTTP/1.1" 401 Unauthorized
INFO:     100.83.47.33:0 - "POST /api/v1/auth/login HTTP/1.1" 200 OK
INFO:     100.83.47.33:0 - "GET /api/v1/branding/assets/96f8a280-692c-42a6-a2c0-b198815c1859/logo.jpg HTTP/1.1" 200 OK
INFO:     100.83.47.33:0 - "GET /api/v1/findings/stats/platform HTTP/1.1" 200 OK
INFO:     100.83.47.33:0 - "GET /api/v1/findings?limit=500 HTTP/1.1" 200 OK
INFO:     100.83.47.33:0 - "GET /api/v1/admin/tenants HTTP/1.1" 200 OK
INFO:     100.83.47.33:0 - "GET /api/v1/branding/tenants/96f8a280-692c-42a6-a2c0-b198815c1859 HTTP/1.1" 200 OK
INFO:     100.83.47.33:0 - "GET /api/v1/admin/users HTTP/1.1" 200 OK
INFO:     100.83.47.33:0 - "GET /api/v1/admin/tenants HTTP/1.1" 200 OK
INFO:     100.83.47.33:0 - "GET /api/v1/admin/users HTTP/1.1" 200 OK
INFO:     100.83.47.33:0 - "GET /api/v1/admin/tenants HTTP/1.1" 200 OK
INFO:     100.83.47.33:0 - "GET /api/v1/auth/me HTTP/1.1" 200 OK
INFO:     100.83.47.33:0 - "GET /api/v1/branding/tenants/96f8a280-692c-42a6-a2c0-b198815c1859 HTTP/1.1" 200 OK
INFO:     100.83.47.33:0 - "GET /api/v1/admin/tenants HTTP/1.1" 200 OK
INFO:     100.83.47.33:0 - "GET /api/v1/admin/users HTTP/1.1" 200 OK
INFO:     100.83.47.33:0 - "GET /api/v1/admin/tenants HTTP/1.1" 200 OK
INFO:     100.83.47.33:0 - "GET /api/v1/admin/users HTTP/1.1" 200 OK
INFO:     100.83.47.33:0 - "GET /api/v1/admin/tenants HTTP/1.1" 200 OK
INFO:     100.83.47.33:0 - "GET /api/v1/auth/me HTTP/1.1" 200 OK
INFO:     100.83.47.33:0 - "GET /api/v1/admin/tenants HTTP/1.1" 200 OK
INFO:     100.83.47.33:0 - "GET /api/v1/branding/tenants/96f8a280-692c-42a6-a2c0-b198815c1859 HTTP/1.1" 200 OK
INFO:     100.83.47.33:0 - "GET /api/v1/admin/users HTTP/1.1" 200 OK
INFO:     100.83.47.33:0 - "GET /api/v1/admin/tenants HTTP/1.1" 200 OK
INFO:     100.83.47.33:0 - "GET /api/v1/admin/users HTTP/1.1" 200 OK
INFO:     100.83.47.33:0 - "GET /api/v1/admin/tenants HTTP/1.1" 200 OK
INFO:     100.83.47.33:0 - "GET /api/v1/auth/me HTTP/1.1" 200 OK
INFO:     100.83.47.33:0 - "GET /api/v1/admin/tenants HTTP/1.1" 200 OK
INFO:     100.83.47.33:0 - "GET /api/v1/branding/tenants/96f8a280-692c-42a6-a2c0-b198815c1859 HTTP/1.1" 200 OK
INFO:     100.83.47.33:0 - "GET /api/v1/admin/users HTTP/1.1" 200 OK
INFO:     100.83.47.33:0 - "GET /api/v1/admin/tenants HTTP/1.1" 200 OK
INFO:     100.83.47.33:0 - "GET /api/v1/admin/users HTTP/1.1" 200 OK
INFO:     100.83.47.33:0 - "GET /api/v1/admin/tenants HTTP/1.1" 200 OK
INFO:     100.83.47.33:0 - "GET /api/v1/engagements HTTP/1.1" 200 OK
INFO:     100.83.47.33:0 - "GET /api/v1/engagements HTTP/1.1" 200 OK
[!] Puerto 29914 en uso (backend).
COMMAND   PID      USER   FD   TYPE             DEVICE SIZE/OFF NODE NAME
Python  20691 osvaldohm    5u  IPv4 0xa3ca65d7a2e4e33e      0t0  TCP 127.0.0.1:29914 (LISTEN)
Python  20725 osvaldohm    5u  IPv4 0xa3ca65d7a2e4e33e      0t0  TCP 127.0.0.1:29914 (LISTEN)
Python  20726 osvaldohm    5u  IPv4 0xa3ca65d7a2e4e33e      0t0  TCP 127.0.0.1:29914 (LISTEN)
Python  20727 osvaldohm    5u  IPv4 0xa3ca65d7a2e4e33e      0t0  TCP 127.0.0.1:29914 (LISTEN)
Python  20728 osvaldohm    5u  IPv4 0xa3ca65d7a2e4e33e      0t0  TCP 127.0.0.1:29914 (LISTEN)
[*] Proceso(s) escuchando:
      20691     1 /Applications/Xcode.app/Contents/Developer/Library/Frameworks/Python3.framework/Versions/3.9/Resources/Python.app/Contents/MacOS/Python /Users/osvaldohm/Desktop/apps/prod/phantom-app-prod/backend/.venv/bin/uvicorn app.main:app --host 127.0.0.1 --port 29914 --workers 4 --log-level info
      20725 20691 /Applications/Xcode.app/Contents/Developer/Library/Frameworks/Python3.framework/Versions/3.9/Resources/Python.app/Contents/MacOS/Python -c from multiprocessing.spawn import spawn_main; spawn_main(tracker_fd=9, pipe_handle=11) --multiprocessing-fork
      20726 20691 /Applications/Xcode.app/Contents/Developer/Library/Frameworks/Python3.framework/Versions/3.9/Resources/Python.app/Contents/MacOS/Python -c from multiprocessing.spawn import spawn_main; spawn_main(tracker_fd=9, pipe_handle=15) --multiprocessing-fork
      20727 20691 /Applications/Xcode.app/Contents/Developer/Library/Frameworks/Python3.framework/Versions/3.9/Resources/Python.app/Contents/MacOS/Python -c from multiprocessing.spawn import spawn_main; spawn_main(tracker_fd=9, pipe_handle=19) --multiprocessing-fork
      20728 20691 /Applications/Xcode.app/Contents/Developer/Library/Frameworks/Python3.framework/Versions/3.9/Resources/Python.app/Contents/MacOS/Python -c from multiprocessing.spawn import spawn_main; spawn_main(tracker_fd=9, pipe_handle=23) --multiprocessing-fork
    (Parece un servidor Phantom / uvicorn / Next.js anterior.)
[*] PHANTOM_FORCE_PORTS=1 — cerrando sin preguntar.
[*] Terminando PID(s): 20691 20725 20726 20727 20728
[*] Enviando SIGINT/SIGTERM a PIDs: 20691 20725 20726 20727 20728
INFO:     Shutting down
INFO:     Shutting down
INFO:     Shutting down
INFO:     Shutting down
INFO:     Waiting for application shutdown.
INFO:     Application shutdown complete.
INFO:     Finished server process [20727]
INFO:     Waiting for application shutdown.
INFO:     Application shutdown complete.
INFO:     Finished server process [20728]
INFO:     Waiting for application shutdown.
INFO:     Application shutdown complete.
INFO:     Finished server process [20725]
INFO:     Waiting for application shutdown.
INFO:     Application shutdown complete.
INFO:     Finished server process [20726]
INFO:     Received SIGTERM, exiting.
INFO:     Waiting for child process [20725]
INFO:     Waiting for child process [20726]
INFO:     Waiting for child process [20727]
INFO:     Waiting for child process [20728]
INFO:     Stopping parent process [20691]
[+] Puerto 29914 libre.
[!] Puerto 29904 en uso (frontend).
COMMAND   PID      USER   FD   TYPE            DEVICE SIZE/OFF NODE NAME
node    20883 osvaldohm   20u  IPv6 0x1ee1d71b6b7c2a0      0t0  TCP *:29904 (LISTEN)
[*] Proceso(s) escuchando:
      20883     1 node server-prod.mjs
    (Parece un servidor Phantom / uvicorn / Next.js anterior.)
[*] PHANTOM_FORCE_PORTS=1 — cerrando sin preguntar.
[*] Terminando PID(s): 20883
[*] Enviando SIGINT/SIGTERM a PIDs: 20883
[+] Puerto 29904 libre.
[+] Backend (FastAPI, 4 workers, HTTP localhost)...
WARNING: You are using pip version 21.2.4; however, version 26.0.1 is available.
You should consider upgrading via the '/Users/osvaldohm/Desktop/apps/prod/phantom-app-prod/backend/.venv/bin/python3 -m pip install --upgrade pip' command.
[+] Database bootstrap (single process)...
Auth: tenants y usuarios semilla listos.
Database bootstrap complete.
[+] Frontend — building Next.js (production)...

> spectre@0.1.0 build
> next build

INFO:     Uvicorn running on http://127.0.0.1:29914 (Press CTRL+C to quit)
INFO:     Started parent process [75045]
▲ Next.js 16.2.4 (Turbopack)
- Environments: .env.local, .env
- Experiments (use with caution):
  · proxyClientMaxBodySize: "160mb"
  · proxyTimeout: 600000

  Creating an optimized production build ...
/Users/osvaldohm/Desktop/apps/prod/phantom-app-prod/backend/.venv/lib/python3.9/site-packages/urllib3/__init__.py:35: NotOpenSSLWarning: urllib3 v2 only supports OpenSSL 1.1.1+, currently the 'ssl' module is compiled with 'LibreSSL 2.8.3'. See: https://github.com/urllib3/urllib3/issues/3020
  warnings.warn(
/Users/osvaldohm/Desktop/apps/prod/phantom-app-prod/backend/.venv/lib/python3.9/site-packages/urllib3/__init__.py:35: NotOpenSSLWarning: urllib3 v2 only supports OpenSSL 1.1.1+, currently the 'ssl' module is compiled with 'LibreSSL 2.8.3'. See: https://github.com/urllib3/urllib3/issues/3020
  warnings.warn(
/Users/osvaldohm/Desktop/apps/prod/phantom-app-prod/backend/.venv/lib/python3.9/site-packages/urllib3/__init__.py:35: NotOpenSSLWarning: urllib3 v2 only supports OpenSSL 1.1.1+, currently the 'ssl' module is compiled with 'LibreSSL 2.8.3'. See: https://github.com/urllib3/urllib3/issues/3020
  warnings.warn(
/Users/osvaldohm/Desktop/apps/prod/phantom-app-prod/backend/.venv/lib/python3.9/site-packages/urllib3/__init__.py:35: NotOpenSSLWarning: urllib3 v2 only supports OpenSSL 1.1.1+, currently the 'ssl' module is compiled with 'LibreSSL 2.8.3'. See: https://github.com/urllib3/urllib3/issues/3020
  warnings.warn(
INFO:     Started server process [75074]
INFO:     Waiting for application startup.
INFO:     Started server process [75073]
INFO:     Waiting for application startup.
INFO:     Started server process [75075]
INFO:     Waiting for application startup.
INFO:     Started server process [75076]
INFO:     Waiting for application startup.
ingest worker not started: Redis unavailable at redis://localhost:6379/0 (start redis or set INGEST_WORKER_ENABLED=false)
INFO:     Application startup complete.
ingest worker not started: Redis unavailable at redis://localhost:6379/0 (start redis or set INGEST_WORKER_ENABLED=false)
INFO:     Application startup complete.
ingest worker not started: Redis unavailable at redis://localhost:6379/0 (start redis or set INGEST_WORKER_ENABLED=false)
ingest worker not started: Redis unavailable at redis://localhost:6379/0 (start redis or set INGEST_WORKER_ENABLED=false)
INFO:     Application startup complete.
INFO:     Application startup complete.
✓ Compiled successfully in 8.1s
  Running TypeScript ...
  Finished TypeScript in 9.9s ...
  Collecting page data using 7 workers ...
  Generating static pages using 7 workers (0/51) ...
  Generating static pages using 7 workers (12/51) 
  Generating static pages using 7 workers (25/51) 
  Generating static pages using 7 workers (38/51) 
✓ Generating static pages using 7 workers (51/51) in 875ms
  Finalizing page optimization ...

Route (app)
┌ ○ /
├ ○ /_not-found
├ ○ /admin
├ ○ /agents
├ ƒ /api/ai/analyze-raw-output
├ ƒ /api/ai/explain
├ ƒ /api/ai/generate-target-map
├ ƒ /api/ai/parse-walkthrough
├ ƒ /api/ai/split-findings
├ ƒ /api/ai/suggest
├ ƒ /api/ai/suggest-catalog-locale
├ ƒ /api/ai/suggest-catalog-spanish
├ ƒ /api/ai/suggest-finding
├ ƒ /api/ai/suggest-finding-field
├ ƒ /api/automation/mcp
├ ƒ /api/automation/ssh-run
├ ƒ /api/cert
├ ƒ /api/integration/amatista-config
├ ƒ /api/integration/amatista-webhook
├ ƒ /api/integration/cyber-notes
├ ƒ /api/pruebas-seguridad/suites
├ ƒ /api/secops-health
├ ƒ /api/secops/[...path]
├ ƒ /api/secops/audit-logs
├ ƒ /api/secops/ingest/[...path]
├ ƒ /api/version
├ ƒ /api/vulnerabilities
├ ƒ /api/vulnerabilities/[id]
├ ƒ /api/vulns-catalog
├ ƒ /api/vulns-catalog/[id]
├ ƒ /api/vulns-catalog/bulk-replace
├ ƒ /api/vulns-catalog/export
├ ƒ /api/vulns-catalog/field-config
├ ƒ /api/vulns-catalog/from-finding
├ ƒ /api/vulns-catalog/import
├ ƒ /api/vulns-catalog/meta
├ ƒ /api/vulns-catalog/repair-encoding
├ ƒ /api/vulns-catalog/truncate-explicacion
├ ○ /assets
├ ○ /canvas
├ ○ /cert
├ ○ /compliance
├ ○ /evaluaciones
├ ○ /evaluaciones-catalogo
├ ○ /icon.svg
├ ○ /ingesta-excel
├ ○ /login
├ ○ /login-client
├ ○ /portal
├ ○ /profile
├ ○ /pruebas-seguridad
├ ○ /pruebas-seguridad-catalogo
├ ○ /reports
├ ○ /sec-services
├ ƒ /share/[hash]
├ ○ /tools
├ ○ /tools/cyber-notes
├ ○ /tools/exposure
├ ○ /tools/methodologies-phantom
├ ○ /tools/nmap
├ ○ /tools/phantom
├ ○ /vul-catalog
├ ○ /vul-mgmt/admin
├ ○ /vul-mgmt/dashboard
├ ○ /vul-mgmt/hallazgos
├ ○ /vul-mgmt/ingesta
├ ○ /vul-mgmt/mapa
├ ƒ /vulnerability/[id]
└ ○ /vulns-catalog


ƒ Proxy (Middleware)

○  (Static)   prerendered as static content
ƒ  (Dynamic)  server-rendered on demand

[+] Frontend — HTTPS on port 29904 (all interfaces)...
[+] Next.js production HTTPS on all interfaces (dual-stack):29904
    https://localhost:29904
    https://192.168.0.175:29904
    https://100.107.190.11:29904
INFO:     100.83.47.33:0 - "GET /api/v1/engagements HTTP/1.1" 200 OK
INFO:     100.83.47.33:0 - "GET /api/v1/auth/me HTTP/1.1" 200 OK
INFO:     100.83.47.33:0 - "GET /api/v1/engagements HTTP/1.1" 200 OK
INFO:     100.83.47.33:0 - "GET /api/v1/engagements HTTP/1.1" 200 OK
INFO:     100.83.47.33:0 - "GET /api/v1/admin/tenants HTTP/1.1" 200 OK
INFO:     100.83.47.33:0 - "GET /api/v1/branding/tenants/96f8a280-692c-42a6-a2c0-b198815c1859 HTTP/1.1" 200 OK
INFO:     100.83.47.33:0 - "GET /api/v1/admin/users HTTP/1.1" 200 OK
INFO:     100.83.47.33:0 - "GET /api/v1/admin/tenants HTTP/1.1" 200 OK
INFO:     100.83.47.33:0 - "GET /api/v1/admin/users HTTP/1.1" 200 OK
INFO:     100.83.47.33:0 - "GET /api/v1/admin/tenants HTTP/1.1" 200 OK
[!] Puerto 29914 en uso (backend).
COMMAND   PID      USER   FD   TYPE             DEVICE SIZE/OFF NODE NAME
Python  75045 osvaldohm    5u  IPv4 0x12d78b3b29bd70cc      0t0  TCP 127.0.0.1:29914 (LISTEN)
Python  75073 osvaldohm    5u  IPv4 0x12d78b3b29bd70cc      0t0  TCP 127.0.0.1:29914 (LISTEN)
Python  75074 osvaldohm    5u  IPv4 0x12d78b3b29bd70cc      0t0  TCP 127.0.0.1:29914 (LISTEN)
Python  75075 osvaldohm    5u  IPv4 0x12d78b3b29bd70cc      0t0  TCP 127.0.0.1:29914 (LISTEN)
Python  75076 osvaldohm    5u  IPv4 0x12d78b3b29bd70cc      0t0  TCP 127.0.0.1:29914 (LISTEN)
[*] Proceso(s) escuchando:
      75045     1 /Applications/Xcode.app/Contents/Developer/Library/Frameworks/Python3.framework/Versions/3.9/Resources/Python.app/Contents/MacOS/Python /Users/osvaldohm/Desktop/apps/prod/phantom-app-prod/backend/.venv/bin/uvicorn app.main:app --host 127.0.0.1 --port 29914 --workers 4 --log-level info
      75073 75045 /Applications/Xcode.app/Contents/Developer/Library/Frameworks/Python3.framework/Versions/3.9/Resources/Python.app/Contents/MacOS/Python -c from multiprocessing.spawn import spawn_main; spawn_main(tracker_fd=9, pipe_handle=11) --multiprocessing-fork
      75074 75045 /Applications/Xcode.app/Contents/Developer/Library/Frameworks/Python3.framework/Versions/3.9/Resources/Python.app/Contents/MacOS/Python -c from multiprocessing.spawn import spawn_main; spawn_main(tracker_fd=9, pipe_handle=15) --multiprocessing-fork
      75075 75045 /Applications/Xcode.app/Contents/Developer/Library/Frameworks/Python3.framework/Versions/3.9/Resources/Python.app/Contents/MacOS/Python -c from multiprocessing.spawn import spawn_main; spawn_main(tracker_fd=9, pipe_handle=19) --multiprocessing-fork
      75076 75045 /Applications/Xcode.app/Contents/Developer/Library/Frameworks/Python3.framework/Versions/3.9/Resources/Python.app/Contents/MacOS/Python -c from multiprocessing.spawn import spawn_main; spawn_main(tracker_fd=9, pipe_handle=23) --multiprocessing-fork
    (Parece un servidor Phantom / uvicorn / Next.js anterior.)
[*] PHANTOM_FORCE_PORTS=1 — cerrando sin preguntar.
[*] Terminando PID(s): 75045 75073 75074 75075 75076
[*] Enviando SIGINT/SIGTERM a PIDs: 75045 75073 75074 75075 75076
INFO:     Shutting down
INFO:     Shutting down
INFO:     Shutting down
INFO:     Shutting down
INFO:     Waiting for application shutdown.
INFO:     Application shutdown complete.
INFO:     Finished server process [75075]
INFO:     Waiting for application shutdown.
INFO:     Application shutdown complete.
INFO:     Finished server process [75074]
INFO:     Waiting for application shutdown.
INFO:     Waiting for application shutdown.
INFO:     Application shutdown complete.
INFO:     Finished server process [75073]
INFO:     Application shutdown complete.
INFO:     Finished server process [75076]
INFO:     Received SIGTERM, exiting.
INFO:     Waiting for child process [75073]
INFO:     Waiting for child process [75074]
INFO:     Waiting for child process [75075]
INFO:     Waiting for child process [75076]
INFO:     Stopping parent process [75045]
[+] Puerto 29914 libre.
[!] Puerto 29904 en uso (frontend).
COMMAND   PID      USER   FD   TYPE             DEVICE SIZE/OFF NODE NAME
node    75251 osvaldohm   20u  IPv6 0x418667f2c3a33ae1      0t0  TCP *:29904 (LISTEN)
[*] Proceso(s) escuchando:
      75251     1 node server-prod.mjs
    (Parece un servidor Phantom / uvicorn / Next.js anterior.)
[*] PHANTOM_FORCE_PORTS=1 — cerrando sin preguntar.
[*] Terminando PID(s): 75251
[*] Enviando SIGINT/SIGTERM a PIDs: 75251
[+] Puerto 29904 libre.
[+] Backend (FastAPI, 4 workers, HTTP localhost)...
WARNING: You are using pip version 21.2.4; however, version 26.0.1 is available.
You should consider upgrading via the '/Users/osvaldohm/Desktop/apps/prod/phantom-app-prod/backend/.venv/bin/python3 -m pip install --upgrade pip' command.
[+] Database bootstrap (single process)...
Auth: tenants y usuarios semilla listos.
Database bootstrap complete.
[+] Frontend — building Next.js (production)...
INFO:     Uvicorn running on http://127.0.0.1:29914 (Press CTRL+C to quit)
INFO:     Started parent process [77593]

> spectre@0.1.0 build
> next build

▲ Next.js 16.2.4 (Turbopack)
- Environments: .env.local, .env
- Experiments (use with caution):
  · proxyClientMaxBodySize: "160mb"
  · proxyTimeout: 600000

  Creating an optimized production build ...
/Users/osvaldohm/Desktop/apps/prod/phantom-app-prod/backend/.venv/lib/python3.9/site-packages/urllib3/__init__.py:35: NotOpenSSLWarning: urllib3 v2 only supports OpenSSL 1.1.1+, currently the 'ssl' module is compiled with 'LibreSSL 2.8.3'. See: https://github.com/urllib3/urllib3/issues/3020
  warnings.warn(
/Users/osvaldohm/Desktop/apps/prod/phantom-app-prod/backend/.venv/lib/python3.9/site-packages/urllib3/__init__.py:35: NotOpenSSLWarning: urllib3 v2 only supports OpenSSL 1.1.1+, currently the 'ssl' module is compiled with 'LibreSSL 2.8.3'. See: https://github.com/urllib3/urllib3/issues/3020
  warnings.warn(
/Users/osvaldohm/Desktop/apps/prod/phantom-app-prod/backend/.venv/lib/python3.9/site-packages/urllib3/__init__.py:35: NotOpenSSLWarning: urllib3 v2 only supports OpenSSL 1.1.1+, currently the 'ssl' module is compiled with 'LibreSSL 2.8.3'. See: https://github.com/urllib3/urllib3/issues/3020
  warnings.warn(
/Users/osvaldohm/Desktop/apps/prod/phantom-app-prod/backend/.venv/lib/python3.9/site-packages/urllib3/__init__.py:35: NotOpenSSLWarning: urllib3 v2 only supports OpenSSL 1.1.1+, currently the 'ssl' module is compiled with 'LibreSSL 2.8.3'. See: https://github.com/urllib3/urllib3/issues/3020
  warnings.warn(
INFO:     Started server process [77598]
INFO:     Waiting for application startup.
INFO:     Started server process [77599]
INFO:     Waiting for application startup.
INFO:     Started server process [77600]
INFO:     Waiting for application startup.
INFO:     Started server process [77597]
INFO:     Waiting for application startup.
ingest worker not started: Redis unavailable at redis://localhost:6379/0 (start redis or set INGEST_WORKER_ENABLED=false)
INFO:     Application startup complete.
ingest worker not started: Redis unavailable at redis://localhost:6379/0 (start redis or set INGEST_WORKER_ENABLED=false)
INFO:     Application startup complete.
ingest worker not started: Redis unavailable at redis://localhost:6379/0 (start redis or set INGEST_WORKER_ENABLED=false)
INFO:     Application startup complete.
ingest worker not started: Redis unavailable at redis://localhost:6379/0 (start redis or set INGEST_WORKER_ENABLED=false)
INFO:     Application startup complete.
✓ Compiled successfully in 6.3s
  Running TypeScript ...
  Finished TypeScript in 9.5s ...
  Collecting page data using 7 workers ...
  Generating static pages using 7 workers (0/51) ...
  Generating static pages using 7 workers (12/51) 
  Generating static pages using 7 workers (25/51) 
  Generating static pages using 7 workers (38/51) 
✓ Generating static pages using 7 workers (51/51) in 370ms
  Finalizing page optimization ...

Route (app)
┌ ○ /
├ ○ /_not-found
├ ○ /admin
├ ○ /agents
├ ƒ /api/ai/analyze-raw-output
├ ƒ /api/ai/explain
├ ƒ /api/ai/generate-target-map
├ ƒ /api/ai/parse-walkthrough
├ ƒ /api/ai/split-findings
├ ƒ /api/ai/suggest
├ ƒ /api/ai/suggest-catalog-locale
├ ƒ /api/ai/suggest-catalog-spanish
├ ƒ /api/ai/suggest-finding
├ ƒ /api/ai/suggest-finding-field
├ ƒ /api/automation/mcp
├ ƒ /api/automation/ssh-run
├ ƒ /api/cert
├ ƒ /api/integration/amatista-config
├ ƒ /api/integration/amatista-webhook
├ ƒ /api/integration/cyber-notes
├ ƒ /api/pruebas-seguridad/suites
├ ƒ /api/secops-health
├ ƒ /api/secops/[...path]
├ ƒ /api/secops/audit-logs
├ ƒ /api/secops/ingest/[...path]
├ ƒ /api/version
├ ƒ /api/vulnerabilities
├ ƒ /api/vulnerabilities/[id]
├ ƒ /api/vulns-catalog
├ ƒ /api/vulns-catalog/[id]
├ ƒ /api/vulns-catalog/bulk-replace
├ ƒ /api/vulns-catalog/export
├ ƒ /api/vulns-catalog/field-config
├ ƒ /api/vulns-catalog/from-finding
├ ƒ /api/vulns-catalog/import
├ ƒ /api/vulns-catalog/meta
├ ƒ /api/vulns-catalog/repair-encoding
├ ƒ /api/vulns-catalog/truncate-explicacion
├ ○ /assets
├ ○ /canvas
├ ○ /cert
├ ○ /compliance
├ ○ /evaluaciones
├ ○ /evaluaciones-catalogo
├ ○ /icon.svg
├ ○ /ingesta-excel
├ ○ /login
├ ○ /login-client
├ ○ /portal
├ ○ /profile
├ ○ /pruebas-seguridad
├ ○ /pruebas-seguridad-catalogo
├ ○ /reports
├ ○ /sec-services
├ ƒ /share/[hash]
├ ○ /tools
├ ○ /tools/cyber-notes
├ ○ /tools/exposure
├ ○ /tools/methodologies-phantom
├ ○ /tools/nmap
├ ○ /tools/phantom
├ ○ /vul-catalog
├ ○ /vul-mgmt/admin
├ ○ /vul-mgmt/dashboard
├ ○ /vul-mgmt/hallazgos
├ ○ /vul-mgmt/ingesta
├ ○ /vul-mgmt/mapa
├ ƒ /vulnerability/[id]
└ ○ /vulns-catalog


ƒ Proxy (Middleware)

○  (Static)   prerendered as static content
ƒ  (Dynamic)  server-rendered on demand

[+] Frontend — HTTPS on port 29904 (all interfaces)...
[+] Next.js production HTTPS on all interfaces (dual-stack):29904
    https://localhost:29904
    https://192.168.0.175:29904
    https://100.107.190.11:29904
INFO:     100.83.47.33:0 - "GET /api/v1/auth/me HTTP/1.1" 200 OK
INFO:     100.83.47.33:0 - "GET /api/v1/branding/assets/96f8a280-692c-42a6-a2c0-b198815c1859/logo.jpg HTTP/1.1" 200 OK
INFO:     100.83.47.33:0 - "GET /api/v1/admin/tenants HTTP/1.1" 200 OK
INFO:     100.83.47.33:0 - "GET /api/v1/branding/tenants/96f8a280-692c-42a6-a2c0-b198815c1859 HTTP/1.1" 200 OK
INFO:     100.83.47.33:0 - "GET /api/v1/engagements HTTP/1.1" 200 OK
INFO:     100.83.47.33:0 - "GET /api/v1/engagements HTTP/1.1" 200 OK
INFO:     100.83.47.33:0 - "GET /api/v1/engagements/5ba1b20f-0b6d-40b5-ace8-3a1e00f62ed2 HTTP/1.1" 200 OK
INFO:     100.83.47.33:0 - "GET /api/v1/engagements HTTP/1.1" 200 OK
INFO:     100.83.47.33:0 - "GET /api/v1/auth/me HTTP/1.1" 200 OK
INFO:     100.83.47.33:0 - "GET /api/v1/engagements HTTP/1.1" 200 OK
INFO:     100.83.47.33:0 - "GET /api/v1/engagements HTTP/1.1" 200 OK
[!] Puerto 29914 en uso (backend).
COMMAND   PID      USER   FD   TYPE             DEVICE SIZE/OFF NODE NAME
Python  77593 osvaldohm    5u  IPv4 0xeeef7de0e060e7b9      0t0  TCP 127.0.0.1:29914 (LISTEN)
Python  77597 osvaldohm    5u  IPv4 0xeeef7de0e060e7b9      0t0  TCP 127.0.0.1:29914 (LISTEN)
Python  77598 osvaldohm    5u  IPv4 0xeeef7de0e060e7b9      0t0  TCP 127.0.0.1:29914 (LISTEN)
Python  77599 osvaldohm    5u  IPv4 0xeeef7de0e060e7b9      0t0  TCP 127.0.0.1:29914 (LISTEN)
Python  77600 osvaldohm    5u  IPv4 0xeeef7de0e060e7b9      0t0  TCP 127.0.0.1:29914 (LISTEN)
[*] Proceso(s) escuchando:
      77593     1 /Applications/Xcode.app/Contents/Developer/Library/Frameworks/Python3.framework/Versions/3.9/Resources/Python.app/Contents/MacOS/Python /Users/osvaldohm/Desktop/apps/prod/phantom-app-prod/backend/.venv/bin/uvicorn app.main:app --host 127.0.0.1 --port 29914 --workers 4 --log-level info
      77597 77593 /Applications/Xcode.app/Contents/Developer/Library/Frameworks/Python3.framework/Versions/3.9/Resources/Python.app/Contents/MacOS/Python -c from multiprocessing.spawn import spawn_main; spawn_main(tracker_fd=9, pipe_handle=11) --multiprocessing-fork
      77598 77593 /Applications/Xcode.app/Contents/Developer/Library/Frameworks/Python3.framework/Versions/3.9/Resources/Python.app/Contents/MacOS/Python -c from multiprocessing.spawn import spawn_main; spawn_main(tracker_fd=9, pipe_handle=15) --multiprocessing-fork
      77599 77593 /Applications/Xcode.app/Contents/Developer/Library/Frameworks/Python3.framework/Versions/3.9/Resources/Python.app/Contents/MacOS/Python -c from multiprocessing.spawn import spawn_main; spawn_main(tracker_fd=9, pipe_handle=19) --multiprocessing-fork
      77600 77593 /Applications/Xcode.app/Contents/Developer/Library/Frameworks/Python3.framework/Versions/3.9/Resources/Python.app/Contents/MacOS/Python -c from multiprocessing.spawn import spawn_main; spawn_main(tracker_fd=9, pipe_handle=23) --multiprocessing-fork
    (Parece un servidor Phantom / uvicorn / Next.js anterior.)
[*] PHANTOM_FORCE_PORTS=1 — cerrando sin preguntar.
[*] Terminando PID(s): 77593 77597 77598 77599 77600
[*] Enviando SIGINT/SIGTERM a PIDs: 77593 77597 77598 77599 77600
INFO:     Shutting down
INFO:     Shutting down
INFO:     Shutting down
INFO:     Shutting down
INFO:     Waiting for application shutdown.
INFO:     Waiting for application shutdown.
INFO:     Application shutdown complete.
INFO:     Finished server process [77598]
INFO:     Application shutdown complete.
INFO:     Finished server process [77597]
INFO:     Waiting for application shutdown.
INFO:     Application shutdown complete.
INFO:     Finished server process [77600]
INFO:     Waiting for application shutdown.
INFO:     Application shutdown complete.
INFO:     Finished server process [77599]
INFO:     Received SIGTERM, exiting.
INFO:     Waiting for child process [77597]
INFO:     Waiting for child process [77598]
INFO:     Waiting for child process [77599]
INFO:     Waiting for child process [77600]
INFO:     Stopping parent process [77593]
[+] Puerto 29914 libre.
[!] Puerto 29904 en uso (frontend).
COMMAND   PID      USER   FD   TYPE             DEVICE SIZE/OFF NODE NAME
node    77754 osvaldohm   20u  IPv6 0xcc1129549c422f59      0t0  TCP *:29904 (LISTEN)
[*] Proceso(s) escuchando:
      77754     1 node server-prod.mjs
    (Parece un servidor Phantom / uvicorn / Next.js anterior.)
[*] PHANTOM_FORCE_PORTS=1 — cerrando sin preguntar.
[*] Terminando PID(s): 77754
[*] Enviando SIGINT/SIGTERM a PIDs: 77754
[+] Puerto 29904 libre.
[+] Backend (FastAPI, 4 workers, HTTP localhost)...
WARNING: You are using pip version 21.2.4; however, version 26.0.1 is available.
You should consider upgrading via the '/Users/osvaldohm/Desktop/apps/prod/phantom-app-prod/backend/.venv/bin/python3 -m pip install --upgrade pip' command.
[+] Database bootstrap (single process)...
Auth: tenants y usuarios semilla listos.
Database bootstrap complete.
[+] Frontend — building Next.js (production)...
INFO:     Uvicorn running on http://127.0.0.1:29914 (Press CTRL+C to quit)
INFO:     Started parent process [81367]

> spectre@0.1.0 build
> next build

▲ Next.js 16.2.4 (Turbopack)
- Environments: .env.local, .env
- Experiments (use with caution):
  · proxyClientMaxBodySize: "160mb"
  · proxyTimeout: 600000

  Creating an optimized production build ...
/Users/osvaldohm/Desktop/apps/prod/phantom-app-prod/backend/.venv/lib/python3.9/site-packages/urllib3/__init__.py:35: NotOpenSSLWarning: urllib3 v2 only supports OpenSSL 1.1.1+, currently the 'ssl' module is compiled with 'LibreSSL 2.8.3'. See: https://github.com/urllib3/urllib3/issues/3020
  warnings.warn(
/Users/osvaldohm/Desktop/apps/prod/phantom-app-prod/backend/.venv/lib/python3.9/site-packages/urllib3/__init__.py:35: NotOpenSSLWarning: urllib3 v2 only supports OpenSSL 1.1.1+, currently the 'ssl' module is compiled with 'LibreSSL 2.8.3'. See: https://github.com/urllib3/urllib3/issues/3020
  warnings.warn(
/Users/osvaldohm/Desktop/apps/prod/phantom-app-prod/backend/.venv/lib/python3.9/site-packages/urllib3/__init__.py:35: NotOpenSSLWarning: urllib3 v2 only supports OpenSSL 1.1.1+, currently the 'ssl' module is compiled with 'LibreSSL 2.8.3'. See: https://github.com/urllib3/urllib3/issues/3020
  warnings.warn(
/Users/osvaldohm/Desktop/apps/prod/phantom-app-prod/backend/.venv/lib/python3.9/site-packages/urllib3/__init__.py:35: NotOpenSSLWarning: urllib3 v2 only supports OpenSSL 1.1.1+, currently the 'ssl' module is compiled with 'LibreSSL 2.8.3'. See: https://github.com/urllib3/urllib3/issues/3020
  warnings.warn(
INFO:     Started server process [81378]
INFO:     Waiting for application startup.
INFO:     Started server process [81371]
INFO:     Waiting for application startup.
INFO:     Started server process [81397]
INFO:     Waiting for application startup.
INFO:     Started server process [81398]
INFO:     Waiting for application startup.
ingest worker not started: Redis unavailable at redis://localhost:6379/0 (start redis or set INGEST_WORKER_ENABLED=false)
INFO:     Application startup complete.
ingest worker not started: Redis unavailable at redis://localhost:6379/0 (start redis or set INGEST_WORKER_ENABLED=false)
INFO:     Application startup complete.
ingest worker not started: Redis unavailable at redis://localhost:6379/0 (start redis or set INGEST_WORKER_ENABLED=false)
INFO:     Application startup complete.
ingest worker not started: Redis unavailable at redis://localhost:6379/0 (start redis or set INGEST_WORKER_ENABLED=false)
INFO:     Application startup complete.
✓ Compiled successfully in 6.2s
  Running TypeScript ...
  Finished TypeScript in 9.0s ...
  Collecting page data using 7 workers ...
  Generating static pages using 7 workers (0/51) ...
  Generating static pages using 7 workers (12/51) 
  Generating static pages using 7 workers (25/51) 
  Generating static pages using 7 workers (38/51) 
✓ Generating static pages using 7 workers (51/51) in 370ms
  Finalizing page optimization ...

Route (app)
┌ ○ /
├ ○ /_not-found
├ ○ /admin
├ ○ /agents
├ ƒ /api/ai/analyze-raw-output
├ ƒ /api/ai/explain
├ ƒ /api/ai/generate-target-map
├ ƒ /api/ai/parse-walkthrough
├ ƒ /api/ai/split-findings
├ ƒ /api/ai/suggest
├ ƒ /api/ai/suggest-catalog-locale
├ ƒ /api/ai/suggest-catalog-spanish
├ ƒ /api/ai/suggest-finding
├ ƒ /api/ai/suggest-finding-field
├ ƒ /api/automation/mcp
├ ƒ /api/automation/ssh-run
├ ƒ /api/cert
├ ƒ /api/integration/amatista-config
├ ƒ /api/integration/amatista-webhook
├ ƒ /api/integration/cyber-notes
├ ƒ /api/pruebas-seguridad/suites
├ ƒ /api/secops-health
├ ƒ /api/secops/[...path]
├ ƒ /api/secops/audit-logs
├ ƒ /api/secops/ingest/[...path]
├ ƒ /api/version
├ ƒ /api/vulnerabilities
├ ƒ /api/vulnerabilities/[id]
├ ƒ /api/vulns-catalog
├ ƒ /api/vulns-catalog/[id]
├ ƒ /api/vulns-catalog/bulk-replace
├ ƒ /api/vulns-catalog/export
├ ƒ /api/vulns-catalog/field-config
├ ƒ /api/vulns-catalog/from-finding
├ ƒ /api/vulns-catalog/import
├ ƒ /api/vulns-catalog/meta
├ ƒ /api/vulns-catalog/repair-encoding
├ ƒ /api/vulns-catalog/truncate-explicacion
├ ○ /assets
├ ○ /canvas
├ ○ /cert
├ ○ /compliance
├ ○ /evaluaciones
├ ○ /evaluaciones-catalogo
├ ○ /icon.svg
├ ○ /ingesta-excel
├ ○ /login
├ ○ /login-client
├ ○ /portal
├ ○ /profile
├ ○ /pruebas-seguridad
├ ○ /pruebas-seguridad-catalogo
├ ○ /reports
├ ○ /sec-services
├ ƒ /share/[hash]
├ ○ /tools
├ ○ /tools/cyber-notes
├ ○ /tools/exposure
├ ○ /tools/methodologies-phantom
├ ○ /tools/nmap
├ ○ /tools/phantom
├ ○ /vul-catalog
├ ○ /vul-mgmt/admin
├ ○ /vul-mgmt/dashboard
├ ○ /vul-mgmt/hallazgos
├ ○ /vul-mgmt/ingesta
├ ○ /vul-mgmt/mapa
├ ƒ /vulnerability/[id]
└ ○ /vulns-catalog


ƒ Proxy (Middleware)

○  (Static)   prerendered as static content
ƒ  (Dynamic)  server-rendered on demand

[+] Frontend — HTTPS on port 29904 (all interfaces)...
[+] Next.js production HTTPS on all interfaces (dual-stack):29904
    https://localhost:29904
    https://192.168.0.175:29904
    https://100.107.190.11:29904
INFO:     100.83.47.33:0 - "GET /api/v1/auth/me HTTP/1.1" 200 OK
INFO:     100.83.47.33:0 - "GET /api/v1/engagements HTTP/1.1" 200 OK
INFO:     100.83.47.33:0 - "GET /api/v1/engagements HTTP/1.1" 200 OK
INFO:     100.83.47.33:0 - "GET /api/v1/engagements HTTP/1.1" 200 OK
INFO:     100.83.47.33:0 - "GET /api/v1/admin/users HTTP/1.1" 200 OK
INFO:     100.83.47.33:0 - "GET /api/v1/findings?engagement_id=5ba1b20f-0b6d-40b5-ace8-3a1e00f62ed2&limit=500 HTTP/1.1" 200 OK
INFO:     100.83.47.33:0 - "POST /api/v1/auth/login HTTP/1.1" 401 Unauthorized
INFO:     100.83.47.33:0 - "POST /api/v1/auth/login HTTP/1.1" 200 OK
INFO:     100.83.47.33:0 - "GET /api/v1/branding/assets/96f8a280-692c-42a6-a2c0-b198815c1859/logo.jpg HTTP/1.1" 200 OK
INFO:     100.83.47.33:0 - "GET /api/v1/findings/stats/platform HTTP/1.1" 200 OK
INFO:     100.83.47.33:0 - "GET /api/v1/findings?limit=500 HTTP/1.1" 200 OK
[!] Puerto 29914 en uso (backend).
COMMAND   PID      USER   FD   TYPE             DEVICE SIZE/OFF NODE NAME
Python  81367 osvaldohm    5u  IPv4 0x15fdfb7b4385c6cf      0t0  TCP 127.0.0.1:29914 (LISTEN)
Python  81371 osvaldohm    5u  IPv4 0x15fdfb7b4385c6cf      0t0  TCP 127.0.0.1:29914 (LISTEN)
Python  81378 osvaldohm    5u  IPv4 0x15fdfb7b4385c6cf      0t0  TCP 127.0.0.1:29914 (LISTEN)
Python  81397 osvaldohm    5u  IPv4 0x15fdfb7b4385c6cf      0t0  TCP 127.0.0.1:29914 (LISTEN)
Python  81398 osvaldohm    5u  IPv4 0x15fdfb7b4385c6cf      0t0  TCP 127.0.0.1:29914 (LISTEN)
[*] Proceso(s) escuchando:
      81367     1 /Applications/Xcode.app/Contents/Developer/Library/Frameworks/Python3.framework/Versions/3.9/Resources/Python.app/Contents/MacOS/Python /Users/osvaldohm/Desktop/apps/prod/phantom-app-prod/backend/.venv/bin/uvicorn app.main:app --host 127.0.0.1 --port 29914 --workers 4 --log-level info
      81371 81367 /Applications/Xcode.app/Contents/Developer/Library/Frameworks/Python3.framework/Versions/3.9/Resources/Python.app/Contents/MacOS/Python -c from multiprocessing.spawn import spawn_main; spawn_main(tracker_fd=9, pipe_handle=11) --multiprocessing-fork
      81378 81367 /Applications/Xcode.app/Contents/Developer/Library/Frameworks/Python3.framework/Versions/3.9/Resources/Python.app/Contents/MacOS/Python -c from multiprocessing.spawn import spawn_main; spawn_main(tracker_fd=9, pipe_handle=15) --multiprocessing-fork
      81397 81367 /Applications/Xcode.app/Contents/Developer/Library/Frameworks/Python3.framework/Versions/3.9/Resources/Python.app/Contents/MacOS/Python -c from multiprocessing.spawn import spawn_main; spawn_main(tracker_fd=9, pipe_handle=19) --multiprocessing-fork
      81398 81367 /Applications/Xcode.app/Contents/Developer/Library/Frameworks/Python3.framework/Versions/3.9/Resources/Python.app/Contents/MacOS/Python -c from multiprocessing.spawn import spawn_main; spawn_main(tracker_fd=9, pipe_handle=23) --multiprocessing-fork
    (Parece un servidor Phantom / uvicorn / Next.js anterior.)
[*] PHANTOM_FORCE_PORTS=1 — cerrando sin preguntar.
[*] Terminando PID(s): 81367 81371 81378 81397 81398
[*] Enviando SIGINT/SIGTERM a PIDs: 81367 81371 81378 81397 81398
INFO:     Shutting down
INFO:     Shutting down
INFO:     Shutting down
INFO:     Shutting down
INFO:     Waiting for application shutdown.
INFO:     Application shutdown complete.
INFO:     Finished server process [81398]
INFO:     Waiting for application shutdown.
INFO:     Waiting for application shutdown.
INFO:     Waiting for application shutdown.
INFO:     Application shutdown complete.
INFO:     Application shutdown complete.
INFO:     Finished server process [81371]
INFO:     Finished server process [81378]
INFO:     Application shutdown complete.
INFO:     Finished server process [81397]
INFO:     Received SIGTERM, exiting.
INFO:     Waiting for child process [81371]
INFO:     Waiting for child process [81378]
INFO:     Waiting for child process [81397]
INFO:     Waiting for child process [81398]
INFO:     Stopping parent process [81367]
[+] Puerto 29914 libre.
[!] Puerto 29904 en uso (frontend).
COMMAND   PID      USER   FD   TYPE             DEVICE SIZE/OFF NODE NAME
node    81564 osvaldohm   20u  IPv6 0xb93e913d0c794c1f      0t0  TCP *:29904 (LISTEN)
[*] Proceso(s) escuchando:
      81564     1 node server-prod.mjs
    (Parece un servidor Phantom / uvicorn / Next.js anterior.)
[*] PHANTOM_FORCE_PORTS=1 — cerrando sin preguntar.
[*] Terminando PID(s): 81564
[*] Enviando SIGINT/SIGTERM a PIDs: 81564
[+] Puerto 29904 libre.
[+] Backend (FastAPI, 4 workers, HTTP localhost)...
WARNING: You are using pip version 21.2.4; however, version 26.0.1 is available.
You should consider upgrading via the '/Users/osvaldohm/Desktop/apps/prod/phantom-app-prod/backend/.venv/bin/python3 -m pip install --upgrade pip' command.
[+] Database bootstrap (single process)...
Auth: tenants y usuarios semilla listos.
Database bootstrap complete.
[+] Frontend — building Next.js (production)...

> spectre@0.1.0 build
> next build

INFO:     Uvicorn running on http://127.0.0.1:29914 (Press CTRL+C to quit)
INFO:     Started parent process [68817]
▲ Next.js 16.2.4 (Turbopack)
- Environments: .env.local, .env
- Experiments (use with caution):
  · proxyClientMaxBodySize: "160mb"
  · proxyTimeout: 600000

/Users/osvaldohm/Desktop/apps/prod/phantom-app-prod/backend/.venv/lib/python3.9/site-packages/urllib3/__init__.py:35: NotOpenSSLWarning: urllib3 v2 only supports OpenSSL 1.1.1+, currently the 'ssl' module is compiled with 'LibreSSL 2.8.3'. See: https://github.com/urllib3/urllib3/issues/3020
  warnings.warn(
/Users/osvaldohm/Desktop/apps/prod/phantom-app-prod/backend/.venv/lib/python3.9/site-packages/urllib3/__init__.py:35: NotOpenSSLWarning: urllib3 v2 only supports OpenSSL 1.1.1+, currently the 'ssl' module is compiled with 'LibreSSL 2.8.3'. See: https://github.com/urllib3/urllib3/issues/3020
  warnings.warn(
/Users/osvaldohm/Desktop/apps/prod/phantom-app-prod/backend/.venv/lib/python3.9/site-packages/urllib3/__init__.py:35: NotOpenSSLWarning: urllib3 v2 only supports OpenSSL 1.1.1+, currently the 'ssl' module is compiled with 'LibreSSL 2.8.3'. See: https://github.com/urllib3/urllib3/issues/3020
  warnings.warn(
/Users/osvaldohm/Desktop/apps/prod/phantom-app-prod/backend/.venv/lib/python3.9/site-packages/urllib3/__init__.py:35: NotOpenSSLWarning: urllib3 v2 only supports OpenSSL 1.1.1+, currently the 'ssl' module is compiled with 'LibreSSL 2.8.3'. See: https://github.com/urllib3/urllib3/issues/3020
  warnings.warn(
  Creating an optimized production build ...
INFO:     Started server process [68847]
INFO:     Waiting for application startup.
INFO:     Started server process [68848]
INFO:     Waiting for application startup.
INFO:     Started server process [68845]
INFO:     Waiting for application startup.
INFO:     Started server process [68846]
INFO:     Waiting for application startup.
ingest worker not started: Redis unavailable at redis://localhost:6379/0 (start redis or set INGEST_WORKER_ENABLED=false)
INFO:     Application startup complete.
ingest worker not started: Redis unavailable at redis://localhost:6379/0 (start redis or set INGEST_WORKER_ENABLED=false)
INFO:     Application startup complete.
ingest worker not started: Redis unavailable at redis://localhost:6379/0 (start redis or set INGEST_WORKER_ENABLED=false)
INFO:     Application startup complete.
ingest worker not started: Redis unavailable at redis://localhost:6379/0 (start redis or set INGEST_WORKER_ENABLED=false)
INFO:     Application startup complete.
✓ Compiled successfully in 8.7s
  Running TypeScript ...
  Finished TypeScript in 11.7s ...
  Collecting page data using 7 workers ...
  Generating static pages using 7 workers (0/51) ...
  Generating static pages using 7 workers (12/51) 
  Generating static pages using 7 workers (25/51) 
  Generating static pages using 7 workers (38/51) 
✓ Generating static pages using 7 workers (51/51) in 528ms
  Finalizing page optimization ...

Route (app)
┌ ○ /
├ ○ /_not-found
├ ○ /admin
├ ○ /agents
├ ƒ /api/ai/analyze-raw-output
├ ƒ /api/ai/explain
├ ƒ /api/ai/generate-target-map
├ ƒ /api/ai/parse-walkthrough
├ ƒ /api/ai/split-findings
├ ƒ /api/ai/suggest
├ ƒ /api/ai/suggest-catalog-locale
├ ƒ /api/ai/suggest-catalog-spanish
├ ƒ /api/ai/suggest-finding
├ ƒ /api/ai/suggest-finding-field
├ ƒ /api/automation/mcp
├ ƒ /api/automation/ssh-run
├ ƒ /api/cert
├ ƒ /api/integration/amatista-config
├ ƒ /api/integration/amatista-webhook
├ ƒ /api/integration/cyber-notes
├ ƒ /api/pruebas-seguridad/suites
├ ƒ /api/secops-health
├ ƒ /api/secops/[...path]
├ ƒ /api/secops/audit-logs
├ ƒ /api/secops/ingest/[...path]
├ ƒ /api/version
├ ƒ /api/vulnerabilities
├ ƒ /api/vulnerabilities/[id]
├ ƒ /api/vulns-catalog
├ ƒ /api/vulns-catalog/[id]
├ ƒ /api/vulns-catalog/bulk-replace
├ ƒ /api/vulns-catalog/export
├ ƒ /api/vulns-catalog/field-config
├ ƒ /api/vulns-catalog/from-finding
├ ƒ /api/vulns-catalog/import
├ ƒ /api/vulns-catalog/meta
├ ƒ /api/vulns-catalog/repair-encoding
├ ƒ /api/vulns-catalog/truncate-explicacion
├ ○ /assets
├ ○ /canvas
├ ○ /cert
├ ○ /compliance
├ ○ /evaluaciones
├ ○ /evaluaciones-catalogo
├ ○ /icon.svg
├ ○ /ingesta-excel
├ ○ /login
├ ○ /login-client
├ ○ /portal
├ ○ /profile
├ ○ /pruebas-seguridad
├ ○ /pruebas-seguridad-catalogo
├ ○ /reports
├ ○ /sec-services
├ ƒ /share/[hash]
├ ○ /tools
├ ○ /tools/cyber-notes
├ ○ /tools/exposure
├ ○ /tools/methodologies-phantom
├ ○ /tools/nmap
├ ○ /tools/phantom
├ ○ /vul-catalog
├ ○ /vul-mgmt/admin
├ ○ /vul-mgmt/dashboard
├ ○ /vul-mgmt/hallazgos
├ ○ /vul-mgmt/ingesta
├ ○ /vul-mgmt/mapa
├ ƒ /vulnerability/[id]
└ ○ /vulns-catalog


ƒ Proxy (Middleware)

○  (Static)   prerendered as static content
ƒ  (Dynamic)  server-rendered on demand

[+] Frontend — HTTPS on port 29904 (all interfaces)...
[+] Next.js production HTTPS on all interfaces (dual-stack):29904
    https://localhost:29904
    https://192.168.0.175:29904
    https://100.107.190.11:29904
INFO:     100.83.47.33:0 - "GET /api/v1/auth/me HTTP/1.1" 401 Unauthorized
